stage,approach,model,f1,auc,prauc,recall,precision
1-structural,Exp-C structural (2 feats),Logistic Regression,0.4943,0.7834,,0.6633,0.3939
2-tfidf,Word TF-IDF + LR (thresh=0.5),Logistic Regression,0.38224852071005916,0.6746737924350745,0.4264411281587662,0.8239795918367347,0.24884437596302003
2-tfidf,Word TF-IDF + LR (thresh-tuned),Logistic Regression,0.42105263157894735,0.6746737924350745,0.4264411281587662,0.6632653061224489,0.3084223013048636
2-tfidf,Char TF-IDF + LR (thresh=0.5),Logistic Regression,0.4014466546112116,0.7047356279056702,0.4772087923895989,0.8494897959183674,0.2628255722178374
2-tfidf,Char TF-IDF + LR (thresh-tuned),Logistic Regression,0.45045045045045046,0.7047356279056702,0.4772087923895989,0.44642857142857145,0.45454545454545453
3-codebert,CodeBERT fine-tuned,CodeBERT,,,,,
