split,commit_hash,project,label,prob
val,954d75b2b64e4799f360d2a6bf9cff6d9fee37e7,dbus,0,0.027376488
val,954d75b2b64e4799f360d2a6bf9cff6d9fee37e7,dbus,0,0.048360992
val,f249555301940c6df3a2cdda13b56b5674eebc2e,krb5,1,0.110855594
val,725c7dbb95bfaf8b4bb7b04820e3a00cceea9ce6,libsndfile,1,0.9986929
val,c3223ba6c401ba81df1305851312a47c485e6cd7,dbus,1,0.99802387
val,fdf9d455098f54f7666c702ae464e6ea21e25411,redis,1,0.9832145
val,ec504dbf69636a554add1f3d5703dd6c3ad450b8,samba,0,0.9254997
val,b000da128b5fb519d2d3f2e7fd20e4a25b7dae7d,samba,0,0.045015533
val,954d75b2b64e4799f360d2a6bf9cff6d9fee37e7,dbus,0,0.0040385914
val,5c3fcae78b63ac9dd56e36075903921bd9461f9e,lxc,1,0.99901307
val,a819d2b440aafa3138d95ff6e8b824da885a70e9,samba,0,0.23528405
val,b534e304568585707c4a92422aeca25cf908ff02,tcpdump,1,0.51137346
val,8dca25d26c7ca2caf6138267f6f17111212c156e,tcpdump,1,0.9985306
val,954d75b2b64e4799f360d2a6bf9cff6d9fee37e7,dbus,0,0.003510649
val,102bb6ebf20f9174130c85c3b052ae104e5073ec,krb5,1,0.9946774
val,ffe7058c70253d574b1963c7c93002bd410fddc9,altlinux,1,0.9977482
val,538d305de91e34a2938f5f219f18bf0e1918763f,samba,0,0.0048674173
val,a819d2b440aafa3138d95ff6e8b824da885a70e9,samba,0,0.9592307
val,ba5dbda6d0174a59d221c45cca52ecd232820d48,samba,0,0.013337993
val,954d75b2b64e4799f360d2a6bf9cff6d9fee37e7,dbus,0,0.076545626
val,954d75b2b64e4799f360d2a6bf9cff6d9fee37e7,dbus,0,0.014009566
val,166978a09cf5edff4028e670b6074215a4c75eca,dbus,0,0.047869008
val,b000da128b5fb519d2d3f2e7fd20e4a25b7dae7d,samba,0,0.22746935
val,954d75b2b64e4799f360d2a6bf9cff6d9fee37e7,dbus,0,0.003999501
val,4278ef25f64d5fdbf432ff1534e275416ec9561e,samba,0,0.99454135
val,9a480deec4d20277d8e20bc55515ef0640ca1e55,samba,0,0.7027851
val,1dcd10aceabbc03bf571ea32b892c522cbe923de,tcpdump,1,0.3918131
val,a118d4220ed85749c07fb43c1229d9e2fecbea6b,samba,0,0.0047092056
val,e0a5a02b0fc1900a69d6c37ed0aab36fb8494e6d,tcpdump,1,0.9959771
val,985122081165753c7442bd7824c473eb9ff56308,tcpdump,1,0.9334308
val,954d75b2b64e4799f360d2a6bf9cff6d9fee37e7,dbus,0,0.8874974
val,b000da128b5fb519d2d3f2e7fd20e4a25b7dae7d,samba,0,0.85989916
val,c5be6209311d4a8f10fda37d0d3f876c1b33b77b,krb5,1,0.9962565
val,a118d4220ed85749c07fb43c1229d9e2fecbea6b,samba,0,0.008203786
val,b000da128b5fb519d2d3f2e7fd20e4a25b7dae7d,samba,0,0.023576802
val,954d75b2b64e4799f360d2a6bf9cff6d9fee37e7,dbus,0,0.0053432565
val,675fd8d771f9d43e354dba53ddd9b5483ae0a1d7,samba,0,0.9850429
val,c3223ba6c401ba81df1305851312a47c485e6cd7,dbus,0,0.0026419468
val,954d75b2b64e4799f360d2a6bf9cff6d9fee37e7,dbus,0,0.027795624
val,a77ff09c46560bc895dea11dc9fe643486b056ac,tcpdump,1,0.056340095
val,1e7a32924b22d1f786b6f490ce8590656f578f91,samba,0,0.009764972
val,ba5dbda6d0174a59d221c45cca52ecd232820d48,samba,0,0.108519174
val,4278ef25f64d5fdbf432ff1534e275416ec9561e,samba,0,0.7322091
val,166978a09cf5edff4028e670b6074215a4c75eca,dbus,0,0.27081758
val,954d75b2b64e4799f360d2a6bf9cff6d9fee37e7,dbus,0,0.03882902
val,166978a09cf5edff4028e670b6074215a4c75eca,dbus,0,0.0027629987
val,de1e67d0703894cb6ea782e36abb63976ab07e60,git,1,0.91796696
val,4278ef25f64d5fdbf432ff1534e275416ec9561e,samba,0,0.9230392
val,a819d2b440aafa3138d95ff6e8b824da885a70e9,samba,0,0.005708034
val,a819d2b440aafa3138d95ff6e8b824da885a70e9,samba,0,0.9987625
val,b20e1639dbac84b3fcb393858521c13ad47a9d70,tcpdump,1,0.8548847
val,a819d2b440aafa3138d95ff6e8b824da885a70e9,samba,0,0.9805807
val,0454b95657846fcecf0f51b6f1194faac02518bd,samba,0,0.01102947
val,1dcd10aceabbc03bf571ea32b892c522cbe923de,tcpdump,1,0.160069
val,0454b95657846fcecf0f51b6f1194faac02518bd,samba,0,0.010130412
val,1dcd10aceabbc03bf571ea32b892c522cbe923de,tcpdump,1,0.58884484
val,8f80c2d83808150724d31793e6ade92749b1faa4,jansson,1,0.9928924
val,0454b95657846fcecf0f51b6f1194faac02518bd,samba,0,0.0032603461
val,0454b95657846fcecf0f51b6f1194faac02518bd,samba,0,0.114963345
val,d10a0f980fe8f9407ab1ffbd612641433ebe175e,tcpdump,1,0.9966949
val,538d305de91e34a2938f5f219f18bf0e1918763f,samba,0,0.0024486529
val,2d669862df7cd17f539129049f6fb70d17174125,tcpdump,1,0.9985869
val,aa0858100096a3490edf93034a80e66a4d61aad5,tcpdump,1,0.6529056
val,954d75b2b64e4799f360d2a6bf9cff6d9fee37e7,dbus,0,0.0044683847
val,0454b95657846fcecf0f51b6f1194faac02518bd,samba,0,0.0153063545
val,b0dc999e0b45355314616321dbb6cb71e729fc9d,gnome-session,1,0.009727272
val,4278ef25f64d5fdbf432ff1534e275416ec9561e,samba,0,0.010032951
val,a819d2b440aafa3138d95ff6e8b824da885a70e9,samba,0,0.97877365
val,954d75b2b64e4799f360d2a6bf9cff6d9fee37e7,dbus,0,0.00472755
val,e3b5a5e5267818c97750b266df50b6a3d4649604,krb5,1,0.43877017
val,a819d2b440aafa3138d95ff6e8b824da885a70e9,samba,0,0.99863833
val,954d75b2b64e4799f360d2a6bf9cff6d9fee37e7,dbus,0,0.16769518
val,0454b95657846fcecf0f51b6f1194faac02518bd,samba,0,0.0071629784
val,82dc33da50338ac84c7b4102dc6513d897d0506a,krb5,1,0.644421
val,1bc78d795cd5cad5525498658f414a11ea0a7e9c,tcpdump,1,0.042127114
val,82dc33da50338ac84c7b4102dc6513d897d0506a,krb5,1,0.90681833
val,b863de7fbf080b15e347a736fdda0a82d42f4f6b,krb5,1,0.9442283
val,166978a09cf5edff4028e670b6074215a4c75eca,dbus,0,0.006679879
val,c3223ba6c401ba81df1305851312a47c485e6cd7,dbus,0,0.7586
val,8f80c2d83808150724d31793e6ade92749b1faa4,jansson,1,0.99568534
val,a819d2b440aafa3138d95ff6e8b824da885a70e9,samba,0,0.98475236
val,1e7a32924b22d1f786b6f490ce8590656f578f91,samba,0,0.004339933
val,5509597decdbd7b91994210f700329d8a35e70a1,samba,0,0.01287075
val,56f7b1bc95a2a3eeb420e069e7655fb181ade5cf,krb5,1,0.037750274
val,954d75b2b64e4799f360d2a6bf9cff6d9fee37e7,dbus,0,0.0083967
val,a819d2b440aafa3138d95ff6e8b824da885a70e9,samba,0,0.9984176
val,a118d4220ed85749c07fb43c1229d9e2fecbea6b,samba,0,0.010052368
val,166978a09cf5edff4028e670b6074215a4c75eca,dbus,0,0.017061688
val,56f7b1bc95a2a3eeb420e069e7655fb181ade5cf,krb5,1,0.61664724
val,8f80c2d83808150724d31793e6ade92749b1faa4,jansson,1,0.98873377
val,af0ed4df4dfae762ab5fb605f5a0c8f59cb4f6ca,krb5,1,0.91006696
val,0454b95657846fcecf0f51b6f1194faac02518bd,samba,0,0.009340025
val,954d75b2b64e4799f360d2a6bf9cff6d9fee37e7,dbus,0,0.03839402
val,7029d15f148ef24bb7c6668bc640f5470d085e5a,tcpdump,1,0.05623634
val,1e7a32924b22d1f786b6f490ce8590656f578f91,samba,0,0.9850429
val,1dcd10aceabbc03bf571ea32b892c522cbe923de,tcpdump,1,0.56579363
val,19d25dd8781620cd41bf178a5e2e27fc1cf242d0,tcpdump,1,0.99458355
val,de1e67d0703894cb6ea782e36abb63976ab07e60,git,1,0.9509604
val,166978a09cf5edff4028e670b6074215a4c75eca,dbus,0,0.0026834395
val,a819d2b440aafa3138d95ff6e8b824da885a70e9,samba,0,0.99434716
val,a819d2b440aafa3138d95ff6e8b824da885a70e9,samba,0,0.014643826
val,d17507ffa3e9742199b02a66aa940e79ababfa30,tcpdump,1,0.99698395
val,954d75b2b64e4799f360d2a6bf9cff6d9fee37e7,dbus,0,0.13881163
val,b20e1639dbac84b3fcb393858521c13ad47a9d70,tcpdump,1,0.98801583
val,b0dc999e0b45355314616321dbb6cb71e729fc9d,gnome-session,1,0.020626195
val,a819d2b440aafa3138d95ff6e8b824da885a70e9,samba,0,0.5897902
val,82dc33da50338ac84c7b4102dc6513d897d0506a,krb5,1,0.20299561
val,9a480deec4d20277d8e20bc55515ef0640ca1e55,samba,0,0.02421455
val,ba5dbda6d0174a59d221c45cca52ecd232820d48,samba,0,0.002570868
val,e6511cc1a950fe1566b2236329d6b4bd0826cc7a,tcpdump,1,0.007374366
val,530d50a1abdcdf4d1775652d4c456c1274d83d8d,samba,0,0.0830685
val,4278ef25f64d5fdbf432ff1534e275416ec9561e,samba,0,0.61846364
val,7d65a3a6ed8815e34a99c680ac3869fde49dbbd4,dbus,1,0.99499834
val,0454b95657846fcecf0f51b6f1194faac02518bd,samba,0,0.28846887
val,954d75b2b64e4799f360d2a6bf9cff6d9fee37e7,dbus,0,0.0037072531
val,c3223ba6c401ba81df1305851312a47c485e6cd7,dbus,0,0.0027791907
val,3b32029db354cbc875127869d9b12a9addc75b50,tcpdump,1,0.30689043
val,e3b5a5e5267818c97750b266df50b6a3d4649604,krb5,1,0.9514138
val,954d75b2b64e4799f360d2a6bf9cff6d9fee37e7,dbus,0,0.00421516
val,b000da128b5fb519d2d3f2e7fd20e4a25b7dae7d,samba,0,0.81967694
val,56f7b1bc95a2a3eeb420e069e7655fb181ade5cf,krb5,1,0.057652235
val,72cf81f6a3404e35028567db2c99a90406e9c6e6,lxc,1,0.99862766
val,1e7a32924b22d1f786b6f490ce8590656f578f91,samba,0,0.023825366
val,954d75b2b64e4799f360d2a6bf9cff6d9fee37e7,dbus,0,0.012722709
val,0454b95657846fcecf0f51b6f1194faac02518bd,samba,0,0.004529617
val,a819d2b440aafa3138d95ff6e8b824da885a70e9,samba,0,0.6723317
val,0454b95657846fcecf0f51b6f1194faac02518bd,samba,0,0.7767923
val,05dafc06cd3dfeb7c4b24942e4e1ae33ff75a123,altlinux,0,0.5552694
val,a118d4220ed85749c07fb43c1229d9e2fecbea6b,samba,0,0.009783875
val,8f80c2d83808150724d31793e6ade92749b1faa4,jansson,1,0.5519058
val,d724f835acb9f4886c0001af32cd325dbbf1f895,samba,0,0.0055441465
val,c3223ba6c401ba81df1305851312a47c485e6cd7,dbus,0,0.0022783307
val,de1e67d0703894cb6ea782e36abb63976ab07e60,git,1,0.9987405
val,c3223ba6c401ba81df1305851312a47c485e6cd7,dbus,0,0.0028615799
val,47a63d90e71d3e19e0e96052bb8c6b9cb140ecc1,samba,0,0.0052710837
val,1e7a32924b22d1f786b6f490ce8590656f578f91,samba,0,0.003642891
val,ba5dbda6d0174a59d221c45cca52ecd232820d48,samba,0,0.006265534
val,b000da128b5fb519d2d3f2e7fd20e4a25b7dae7d,samba,0,0.57701874
val,ba5dbda6d0174a59d221c45cca52ecd232820d48,samba,1,0.96360916
val,de1e67d0703894cb6ea782e36abb63976ab07e60,git,1,0.9976949
val,34fa79a6cde56d6d428ab0d3160cb094ebad3305,git,1,0.9975032
val,a819d2b440aafa3138d95ff6e8b824da885a70e9,samba,0,0.9986249
val,a819d2b440aafa3138d95ff6e8b824da885a70e9,samba,0,0.06791668
val,954d75b2b64e4799f360d2a6bf9cff6d9fee37e7,dbus,0,0.0042812545
val,19d25dd8781620cd41bf178a5e2e27fc1cf242d0,tcpdump,1,0.99750805
val,954d75b2b64e4799f360d2a6bf9cff6d9fee37e7,dbus,0,0.004943689
val,c3223ba6c401ba81df1305851312a47c485e6cd7,dbus,0,0.0032794431
val,530d50a1abdcdf4d1775652d4c456c1274d83d8d,samba,0,0.5689099
val,b000da128b5fb519d2d3f2e7fd20e4a25b7dae7d,samba,1,0.9988927
val,8f80c2d83808150724d31793e6ade92749b1faa4,jansson,1,0.6263242
val,b6d838eebf4456192360654092e5587c5207f185,wireshark,1,0.99477994
val,a819d2b440aafa3138d95ff6e8b824da885a70e9,samba,0,0.998092
val,2cb5985bf47bdc8bea78d28483ed224abdd33dc6,wireshark,1,0.9656413
val,a819d2b440aafa3138d95ff6e8b824da885a70e9,samba,0,0.995858
val,1e7a32924b22d1f786b6f490ce8590656f578f91,samba,0,0.00674499
val,954d75b2b64e4799f360d2a6bf9cff6d9fee37e7,dbus,0,0.020061802
val,954d75b2b64e4799f360d2a6bf9cff6d9fee37e7,dbus,0,0.13770632
val,8dca25d26c7ca2caf6138267f6f17111212c156e,tcpdump,1,0.99889046
val,0454b95657846fcecf0f51b6f1194faac02518bd,samba,0,0.0029008577
val,a819d2b440aafa3138d95ff6e8b824da885a70e9,samba,0,0.8669231
val,530d50a1abdcdf4d1775652d4c456c1274d83d8d,samba,0,0.21174264
val,a819d2b440aafa3138d95ff6e8b824da885a70e9,samba,0,0.044348583
val,954d75b2b64e4799f360d2a6bf9cff6d9fee37e7,dbus,0,0.00677121
val,b000da128b5fb519d2d3f2e7fd20e4a25b7dae7d,samba,0,0.9807103
val,954d75b2b64e4799f360d2a6bf9cff6d9fee37e7,dbus,0,0.381738
val,571a6f33f47e7a2394fa08f925e534135c29cf1e,tcpdump,1,0.9914391
val,0454b95657846fcecf0f51b6f1194faac02518bd,samba,1,0.9983026
val,166978a09cf5edff4028e670b6074215a4c75eca,dbus,0,0.007876706
val,9a480deec4d20277d8e20bc55515ef0640ca1e55,samba,1,0.997414
val,82dc33da50338ac84c7b4102dc6513d897d0506a,krb5,1,0.49250847
val,538d305de91e34a2938f5f219f18bf0e1918763f,samba,1,0.99823856
val,c3223ba6c401ba81df1305851312a47c485e6cd7,dbus,0,0.00349701
val,8f80c2d83808150724d31793e6ade92749b1faa4,jansson,1,0.9865458
val,530d50a1abdcdf4d1775652d4c456c1274d83d8d,samba,0,0.34549162
val,ba5dbda6d0174a59d221c45cca52ecd232820d48,samba,0,0.01383528
val,e3b5a5e5267818c97750b266df50b6a3d4649604,krb5,1,0.99543506
val,de1e67d0703894cb6ea782e36abb63976ab07e60,git,1,0.99885535
val,70aeb5fddd1b2f8e143276f8d5a085db16c593b9,samba,0,0.9265035
val,954d75b2b64e4799f360d2a6bf9cff6d9fee37e7,dbus,0,0.003999501
val,d724f835acb9f4886c0001af32cd325dbbf1f895,samba,1,0.9988418
val,b000da128b5fb519d2d3f2e7fd20e4a25b7dae7d,samba,0,0.005260852
val,954d75b2b64e4799f360d2a6bf9cff6d9fee37e7,dbus,0,0.035012625
val,954d75b2b64e4799f360d2a6bf9cff6d9fee37e7,dbus,0,0.9653158
val,4794b5dd34688158fb51a2943032569d3780c4b8,xcursor,0,0.0044683847
val,8dca25d26c7ca2caf6138267f6f17111212c156e,tcpdump,1,0.9989034
val,954d75b2b64e4799f360d2a6bf9cff6d9fee37e7,dbus,0,0.0030337367
val,c3223ba6c401ba81df1305851312a47c485e6cd7,dbus,0,0.6585822
val,1ba49b8f389eda3414b14410c7fbcb4041ca06b1,samba,0,0.40901423
val,1e7a32924b22d1f786b6f490ce8590656f578f91,samba,0,0.0053432565
val,0454b95657846fcecf0f51b6f1194faac02518bd,samba,0,0.13034077
val,47a63d90e71d3e19e0e96052bb8c6b9cb140ecc1,samba,0,0.011755132
val,b000da128b5fb519d2d3f2e7fd20e4a25b7dae7d,samba,0,0.1236299
val,1e7a32924b22d1f786b6f490ce8590656f578f91,samba,0,0.046638038
val,954d75b2b64e4799f360d2a6bf9cff6d9fee37e7,dbus,0,0.0026470984
val,730fc35968c5433b9e2a829779057f4f9495dc51,tcpdump,1,0.9988121
val,954d75b2b64e4799f360d2a6bf9cff6d9fee37e7,dbus,0,0.0038543637
val,675fd8d771f9d43e354dba53ddd9b5483ae0a1d7,samba,0,0.99491996
val,a819d2b440aafa3138d95ff6e8b824da885a70e9,samba,0,0.559809
val,d43527cfa0dbb3ccefec4a6f7b32c1434739aa29,w3m,1,0.9906238
val,16af238036a5464ae8f2420ed3af214f0de875f9,lxc,1,0.9985018
val,a819d2b440aafa3138d95ff6e8b824da885a70e9,samba,1,0.99806195
val,0454b95657846fcecf0f51b6f1194faac02518bd,samba,0,0.0119150225
val,9a480deec4d20277d8e20bc55515ef0640ca1e55,samba,0,0.9191359
val,954d75b2b64e4799f360d2a6bf9cff6d9fee37e7,dbus,0,0.0049919616
val,a819d2b440aafa3138d95ff6e8b824da885a70e9,samba,0,0.99532723
val,ec504dbf69636a554add1f3d5703dd6c3ad450b8,samba,0,0.029423581
val,b000da128b5fb519d2d3f2e7fd20e4a25b7dae7d,samba,0,0.9984633
val,954d75b2b64e4799f360d2a6bf9cff6d9fee37e7,dbus,0,0.004054334
val,954d75b2b64e4799f360d2a6bf9cff6d9fee37e7,dbus,0,0.004914949
val,6609658db0799053fbef0d7d0aa2f1fd68ef32d8,krb5,1,0.9939964
val,4278ef25f64d5fdbf432ff1534e275416ec9561e,samba,0,0.09679113
val,0454b95657846fcecf0f51b6f1194faac02518bd,samba,0,0.0033504234
val,c3223ba6c401ba81df1305851312a47c485e6cd7,dbus,0,0.0036713579
val,5509597decdbd7b91994210f700329d8a35e70a1,samba,0,0.041656766
val,530d50a1abdcdf4d1775652d4c456c1274d83d8d,samba,0,0.09751925
val,4278ef25f64d5fdbf432ff1534e275416ec9561e,samba,0,0.051653787
val,4794b5dd34688158fb51a2943032569d3780c4b8,xcursor,0,0.0054799085
val,56f7b1bc95a2a3eeb420e069e7655fb181ade5cf,krb5,1,0.08826861
val,8dca25d26c7ca2caf6138267f6f17111212c156e,tcpdump,1,0.99532723
val,56f7b1bc95a2a3eeb420e069e7655fb181ade5cf,krb5,1,0.055106904
val,4278ef25f64d5fdbf432ff1534e275416ec9561e,samba,0,0.01566365
val,4794b5dd34688158fb51a2943032569d3780c4b8,xcursor,0,0.003422935
val,0cb1b8a434b599b8d636db029aadb757c24e39d6,tcpdump,1,0.99411184
val,675fd8d771f9d43e354dba53ddd9b5483ae0a1d7,samba,0,0.980053
val,538d305de91e34a2938f5f219f18bf0e1918763f,samba,0,0.048541084
val,5509597decdbd7b91994210f700329d8a35e70a1,samba,0,0.14847882
val,2c13e97d656c1c0ac4d76eb9d307664aae0e0cf7,wireshark,1,0.99818975
val,c3223ba6c401ba81df1305851312a47c485e6cd7,dbus,0,0.0035866157
val,ba5dbda6d0174a59d221c45cca52ecd232820d48,samba,0,0.0040072887
val,3b36ec4e713dea9266db11975066c425aa669b6c,tcpdump,1,0.9981067
val,954d75b2b64e4799f360d2a6bf9cff6d9fee37e7,dbus,0,0.028355205
val,530d50a1abdcdf4d1775652d4c456c1274d83d8d,samba,0,0.13290796
val,1dcd10aceabbc03bf571ea32b892c522cbe923de,tcpdump,1,0.97792566
val,8f80c2d83808150724d31793e6ade92749b1faa4,jansson,1,0.014227046
val,b4d16b4495b732888e12baf5b8a7e9bf2665e22b,wireshark,1,0.9985979
val,7b8a4ecd6ff9cdf4e5d3850ebf822f1e989255b3,samba,0,0.015983004
val,954d75b2b64e4799f360d2a6bf9cff6d9fee37e7,dbus,0,0.0057525453
val,a118d4220ed85749c07fb43c1229d9e2fecbea6b,samba,0,0.0024534282
val,a819d2b440aafa3138d95ff6e8b824da885a70e9,samba,0,0.9990073
val,1e7a32924b22d1f786b6f490ce8590656f578f91,samba,0,0.31724116
val,de1e67d0703894cb6ea782e36abb63976ab07e60,git,1,0.99861145
val,954d75b2b64e4799f360d2a6bf9cff6d9fee37e7,dbus,0,0.81655276
val,c2ccf4197f697c4ff143b8a786acdd875e70a89d,krb5,1,0.9926542
val,0454b95657846fcecf0f51b6f1194faac02518bd,samba,0,0.029395703
val,1dcd10aceabbc03bf571ea32b892c522cbe923de,tcpdump,1,0.42010882
val,56f7b1bc95a2a3eeb420e069e7655fb181ade5cf,krb5,1,0.6382154
val,6519a1f77c61d753d4c97efd6e15630eb275336e,dbus,0,0.8897206
val,979dcefd7b259e9e233f77fe1c5312793bfd948f,tcpdump,1,0.18359363
val,954d75b2b64e4799f360d2a6bf9cff6d9fee37e7,dbus,0,0.0025459477
val,954d75b2b64e4799f360d2a6bf9cff6d9fee37e7,dbus,0,0.22126654
val,26a6799b9ca80508c05cac7a9a3bef922991520b,tcpdump,1,0.9960622
val,0454b95657846fcecf0f51b6f1194faac02518bd,samba,0,0.0077856556
val,d724f835acb9f4886c0001af32cd325dbbf1f895,samba,0,0.9744834
val,a819d2b440aafa3138d95ff6e8b824da885a70e9,samba,0,0.7212035
val,a819d2b440aafa3138d95ff6e8b824da885a70e9,samba,0,0.006413163
val,4278ef25f64d5fdbf432ff1534e275416ec9561e,samba,0,0.026006782
val,538d305de91e34a2938f5f219f18bf0e1918763f,samba,0,0.8975158
val,2c2cfbd2b771ac888bc5c4a6d922f749d3822538,tcpdump,1,0.5214254
val,ca336198e8bebccc18502de27672fdbd6eb34856,tcpdump,1,0.9988708
val,954d75b2b64e4799f360d2a6bf9cff6d9fee37e7,dbus,0,0.015014747
val,b4d16b4495b732888e12baf5b8a7e9bf2665e22b,wireshark,1,0.997813
val,1e7a32924b22d1f786b6f490ce8590656f578f91,samba,1,0.99584997
val,1dcd10aceabbc03bf571ea32b892c522cbe923de,tcpdump,1,0.99876726
val,0454b95657846fcecf0f51b6f1194faac02518bd,samba,0,0.024145423
val,e04f0283516e80d2f93366e0d479d13c9b5c8c2a,krb5,1,0.9960083
val,530d50a1abdcdf4d1775652d4c456c1274d83d8d,samba,0,0.030502053
val,e6ae703ae597d798e310368d52b8f38ee11c6a73,krb5,1,0.87768656
val,8f80c2d83808150724d31793e6ade92749b1faa4,jansson,1,0.9969722
val,2cb5985bf47bdc8bea78d28483ed224abdd33dc6,wireshark,1,0.97719735
val,1dcd10aceabbc03bf571ea32b892c522cbe923de,tcpdump,1,0.7787335
val,82dc33da50338ac84c7b4102dc6513d897d0506a,krb5,1,0.019832712
val,b000da128b5fb519d2d3f2e7fd20e4a25b7dae7d,samba,0,0.03659692
val,a819d2b440aafa3138d95ff6e8b824da885a70e9,samba,0,0.010509383
val,a819d2b440aafa3138d95ff6e8b824da885a70e9,samba,0,0.9922294
val,166978a09cf5edff4028e670b6074215a4c75eca,dbus,0,0.84318626
val,a819d2b440aafa3138d95ff6e8b824da885a70e9,samba,0,0.69378424
val,ffb35baac6981f9e8914f8f3bffd37f284b85970,krb5,1,0.92107415
val,1e7a32924b22d1f786b6f490ce8590656f578f91,samba,0,0.103295475
val,82dc33da50338ac84c7b4102dc6513d897d0506a,krb5,1,0.95447797
val,a819d2b440aafa3138d95ff6e8b824da885a70e9,samba,0,0.99908006
val,8f80c2d83808150724d31793e6ade92749b1faa4,jansson,1,0.0023231625
val,82dc33da50338ac84c7b4102dc6513d897d0506a,krb5,1,0.99584997
val,4794b5dd34688158fb51a2943032569d3780c4b8,xcursor,0,0.0043653254
val,ba5dbda6d0174a59d221c45cca52ecd232820d48,samba,0,0.033907957
val,8f80c2d83808150724d31793e6ade92749b1faa4,jansson,1,0.9964825
val,954d75b2b64e4799f360d2a6bf9cff6d9fee37e7,dbus,0,0.0030219448
val,56f7b1bc95a2a3eeb420e069e7655fb181ade5cf,krb5,1,0.06791668
val,538d305de91e34a2938f5f219f18bf0e1918763f,samba,0,0.0024678104
val,1dcd10aceabbc03bf571ea32b892c522cbe923de,tcpdump,1,0.06693421
val,47a63d90e71d3e19e0e96052bb8c6b9cb140ecc1,samba,0,0.010797567
val,b000da128b5fb519d2d3f2e7fd20e4a25b7dae7d,samba,0,0.010368156
val,1e7a32924b22d1f786b6f490ce8590656f578f91,samba,0,0.20134169
val,a819d2b440aafa3138d95ff6e8b824da885a70e9,samba,0,0.9935993
val,c3223ba6c401ba81df1305851312a47c485e6cd7,dbus,0,0.009670993
val,06f882f30092a39a1db867c9744b2ca8d60e4ad6,altlinux,0,0.024099447
val,0454b95657846fcecf0f51b6f1194faac02518bd,samba,0,0.0033634927
val,8dca25d26c7ca2caf6138267f6f17111212c156e,tcpdump,1,0.9770007
val,d17507ffa3e9742199b02a66aa940e79ababfa30,tcpdump,1,0.99812514
val,ba5dbda6d0174a59d221c45cca52ecd232820d48,samba,0,0.1320102
val,7b8a4ecd6ff9cdf4e5d3850ebf822f1e989255b3,samba,1,0.96989965
val,954d75b2b64e4799f360d2a6bf9cff6d9fee37e7,dbus,0,0.0055873864
val,1e7a32924b22d1f786b6f490ce8590656f578f91,samba,0,0.096919276
val,a819d2b440aafa3138d95ff6e8b824da885a70e9,samba,0,0.9983991
val,2c13e97d656c1c0ac4d76eb9d307664aae0e0cf7,wireshark,1,0.99343574
val,72cf81f6a3404e35028567db2c99a90406e9c6e6,lxc,1,0.39826015
val,c3223ba6c401ba81df1305851312a47c485e6cd7,dbus,0,0.00462753
val,ffe7058c70253d574b1963c7c93002bd410fddc9,altlinux,0,0.25539008
val,a819d2b440aafa3138d95ff6e8b824da885a70e9,samba,0,0.9982926
val,0454b95657846fcecf0f51b6f1194faac02518bd,samba,0,0.005911069
val,a819d2b440aafa3138d95ff6e8b824da885a70e9,samba,0,0.98555213
val,954d75b2b64e4799f360d2a6bf9cff6d9fee37e7,dbus,0,0.0052710837
val,a118d4220ed85749c07fb43c1229d9e2fecbea6b,samba,0,0.004556114
val,a819d2b440aafa3138d95ff6e8b824da885a70e9,samba,0,0.37847343
val,a819d2b440aafa3138d95ff6e8b824da885a70e9,samba,0,0.9988531
val,ba5dbda6d0174a59d221c45cca52ecd232820d48,samba,0,0.004289589
val,5edf405d7ed9fc92f4f43e8a3d44baa4c6387562,tcpdump,1,0.4370087
val,a819d2b440aafa3138d95ff6e8b824da885a70e9,samba,0,0.9987306
val,a819d2b440aafa3138d95ff6e8b824da885a70e9,samba,0,0.99227446
val,ffb35baac6981f9e8914f8f3bffd37f284b85970,krb5,1,0.9842457
val,19d25dd8781620cd41bf178a5e2e27fc1cf242d0,tcpdump,1,0.7801604
val,954d75b2b64e4799f360d2a6bf9cff6d9fee37e7,dbus,0,0.0031850606
val,a819d2b440aafa3138d95ff6e8b824da885a70e9,samba,0,0.032528225
val,0454b95657846fcecf0f51b6f1194faac02518bd,samba,0,0.0118005965
val,5509597decdbd7b91994210f700329d8a35e70a1,samba,0,0.0029636684
val,1e7a32924b22d1f786b6f490ce8590656f578f91,samba,0,0.008933403
val,3ae5dac462c4ed0fb2cd94553583c56fce2f9d80,samba,1,0.9946878
val,a197e92349a4aa2141b5dff12e9dd44c2a2166e3,krb5,1,0.997358
val,df17a1224a3406f57477bcd372c61e04c0e5a5bb,krb5,1,0.04488975
val,166978a09cf5edff4028e670b6074215a4c75eca,dbus,0,0.0065134987
val,8509ef02eceb2bbb479cea10fe4a7ec6395f1a8b,tcpdump,1,0.998259
val,877b66b398518d9501513e0860c9f3a8acc70892,tcpdump,1,0.9961004
val,3c4d7c0ee30a30e5abff3d6d9586a3753101faf5,tcpdump,1,0.9987331
val,1dcd10aceabbc03bf571ea32b892c522cbe923de,tcpdump,1,0.98178816
val,8dca25d26c7ca2caf6138267f6f17111212c156e,tcpdump,1,0.999049
val,a819d2b440aafa3138d95ff6e8b824da885a70e9,samba,0,0.8420206
val,dc7ed55c689d57de7f7408b34631bf06fec9dab1,krb5,1,0.9879462
val,c252546ceeb0925eb8a4061315e3ff0a8c55b48b,samba,0,0.17314835
val,530d50a1abdcdf4d1775652d4c456c1274d83d8d,samba,0,0.0046095727
val,530d50a1abdcdf4d1775652d4c456c1274d83d8d,samba,0,0.0876419
val,7706303828fcde524222babb2833864a4bd09e07,samba,1,0.9951325
val,4794b5dd34688158fb51a2943032569d3780c4b8,xcursor,0,0.025083141
val,7b8a4ecd6ff9cdf4e5d3850ebf822f1e989255b3,samba,1,0.014009566
val,b000da128b5fb519d2d3f2e7fd20e4a25b7dae7d,samba,0,0.0054164114
val,a118d4220ed85749c07fb43c1229d9e2fecbea6b,samba,1,0.9966691
val,c3223ba6c401ba81df1305851312a47c485e6cd7,dbus,0,0.0026112478
val,60b234301adf258786d8b90be5c1d437fc8799e0,libsndfile,1,0.048271187
val,d724f835acb9f4886c0001af32cd325dbbf1f895,samba,0,0.023197629
val,82dc33da50338ac84c7b4102dc6513d897d0506a,krb5,1,0.9968702
val,d16c24542b2f96a194d43a73c2e5778822b9cb47,collectd,1,0.99591404
val,c252546ceeb0925eb8a4061315e3ff0a8c55b48b,samba,0,0.014009566
val,1ba49b8f389eda3414b14410c7fbcb4041ca06b1,samba,0,0.80654806
val,a819d2b440aafa3138d95ff6e8b824da885a70e9,samba,0,0.26269996
val,70aeb5fddd1b2f8e143276f8d5a085db16c593b9,samba,0,0.007562568
val,de1e67d0703894cb6ea782e36abb63976ab07e60,git,1,0.99835795
val,1e7a32924b22d1f786b6f490ce8590656f578f91,samba,0,0.0047644526
val,5509597decdbd7b91994210f700329d8a35e70a1,samba,0,0.94966936
val,954d75b2b64e4799f360d2a6bf9cff6d9fee37e7,dbus,0,0.008796121
val,a819d2b440aafa3138d95ff6e8b824da885a70e9,samba,0,0.3496993
val,c252546ceeb0925eb8a4061315e3ff0a8c55b48b,samba,0,0.031261913
val,4794b5dd34688158fb51a2943032569d3780c4b8,xcursor,0,0.90829307
val,a819d2b440aafa3138d95ff6e8b824da885a70e9,samba,0,0.15533455
val,3270dfac43da861c714df76513456b46765ff47f,wireshark,1,0.99871063
val,b000da128b5fb519d2d3f2e7fd20e4a25b7dae7d,samba,0,0.74097174
val,05dafc06cd3dfeb7c4b24942e4e1ae33ff75a123,altlinux,1,0.99822825
val,a819d2b440aafa3138d95ff6e8b824da885a70e9,samba,0,0.98242307
val,ba5dbda6d0174a59d221c45cca52ecd232820d48,samba,0,0.14928317
val,ec504dbf69636a554add1f3d5703dd6c3ad450b8,samba,0,0.97664696
val,954d75b2b64e4799f360d2a6bf9cff6d9fee37e7,dbus,0,0.007446194
val,a819d2b440aafa3138d95ff6e8b824da885a70e9,samba,0,0.18795107
val,1e7a32924b22d1f786b6f490ce8590656f578f91,samba,0,0.01096574
val,a819d2b440aafa3138d95ff6e8b824da885a70e9,samba,0,0.9669453
val,8dca25d26c7ca2caf6138267f6f17111212c156e,tcpdump,1,0.97311324
val,954d75b2b64e4799f360d2a6bf9cff6d9fee37e7,dbus,0,0.003463144
val,b9b9f6738fba5c32e87cb9c36b358355b444fb9b,samba,1,0.99892044
val,9a480deec4d20277d8e20bc55515ef0640ca1e55,samba,0,0.1112895
val,538d305de91e34a2938f5f219f18bf0e1918763f,samba,0,0.0030933865
val,9b0b20b8d5f8c9f7839d58ff6c5900f7e19283b4,wireshark,1,0.99411184
val,a819d2b440aafa3138d95ff6e8b824da885a70e9,samba,0,0.59892815
val,a819d2b440aafa3138d95ff6e8b824da885a70e9,samba,0,0.013649977
val,a819d2b440aafa3138d95ff6e8b824da885a70e9,samba,0,0.99887305
val,954d75b2b64e4799f360d2a6bf9cff6d9fee37e7,dbus,0,0.49784854
val,538d305de91e34a2938f5f219f18bf0e1918763f,samba,0,0.005490564
val,34cec721d39c76be1e0a600829a7b17bdfb832b6,tcpdump,1,0.9946359
val,7029d15f148ef24bb7c6668bc640f5470d085e5a,tcpdump,1,0.99010193
val,56f7b1bc95a2a3eeb420e069e7655fb181ade5cf,krb5,1,0.99508506
val,4794b5dd34688158fb51a2943032569d3780c4b8,xcursor,0,0.16586316
val,8ee70ec63931d1e38567905387ab9b1d45734d81,krb5,1,0.9379537
val,954d75b2b64e4799f360d2a6bf9cff6d9fee37e7,dbus,0,0.007968815
val,0454b95657846fcecf0f51b6f1194faac02518bd,samba,0,0.04986591
val,a819d2b440aafa3138d95ff6e8b824da885a70e9,samba,0,0.13184245
val,a819d2b440aafa3138d95ff6e8b824da885a70e9,samba,0,0.9884919
val,a819d2b440aafa3138d95ff6e8b824da885a70e9,samba,0,0.98178816
val,a819d2b440aafa3138d95ff6e8b824da885a70e9,samba,0,0.7545987
val,b000da128b5fb519d2d3f2e7fd20e4a25b7dae7d,samba,0,0.0045649805
val,a819d2b440aafa3138d95ff6e8b824da885a70e9,samba,0,0.9986827
val,ec504dbf69636a554add1f3d5703dd6c3ad450b8,samba,0,0.9911527
val,7029d15f148ef24bb7c6668bc640f5470d085e5a,tcpdump,1,0.03551094
val,b8e559afaeb8fe0604a1f8e3ad4dc1445de07a00,tcpdump,1,0.044100914
val,a819d2b440aafa3138d95ff6e8b824da885a70e9,samba,0,0.99885976
val,56f7b1bc95a2a3eeb420e069e7655fb181ade5cf,krb5,1,0.9408984
val,166978a09cf5edff4028e670b6074215a4c75eca,dbus,0,0.0024822766
val,5bb8a6b9c9eb8dd22bc9526751610aaa255ead9c,krb5,1,0.995793
val,2c13e97d656c1c0ac4d76eb9d307664aae0e0cf7,wireshark,1,0.9953181
val,954d75b2b64e4799f360d2a6bf9cff6d9fee37e7,dbus,0,0.0032858334
val,82dc33da50338ac84c7b4102dc6513d897d0506a,krb5,1,0.92441523
val,1ba49b8f389eda3414b14410c7fbcb4041ca06b1,samba,1,0.997981
val,c177cb3800a9a68d79b2812f0ffcb9479abd6eb8,tcpdump,1,0.99532723
val,f833c53cb596e9e1792949f762e0b33661822748,libsndfile,1,0.9980732
val,a819d2b440aafa3138d95ff6e8b824da885a70e9,samba,0,0.67014974
val,954d75b2b64e4799f360d2a6bf9cff6d9fee37e7,dbus,0,0.16796798
val,b863de7fbf080b15e347a736fdda0a82d42f4f6b,krb5,1,0.9898499
val,538d305de91e34a2938f5f219f18bf0e1918763f,samba,0,0.0058539603
val,4794b5dd34688158fb51a2943032569d3780c4b8,xcursor,0,0.0041420166
val,166978a09cf5edff4028e670b6074215a4c75eca,dbus,0,0.0028504557
val,56f7b1bc95a2a3eeb420e069e7655fb181ade5cf,krb5,1,0.9921841
val,538d305de91e34a2938f5f219f18bf0e1918763f,samba,0,0.014657923
val,675fd8d771f9d43e354dba53ddd9b5483ae0a1d7,samba,0,0.7068991
val,a819d2b440aafa3138d95ff6e8b824da885a70e9,samba,0,0.34620965
val,675fd8d771f9d43e354dba53ddd9b5483ae0a1d7,samba,0,0.4248444
val,061e7371a944588f231cb1b66d6fb070b646e376,tcpdump,1,0.9950659
val,06f882f30092a39a1db867c9744b2ca8d60e4ad6,altlinux,0,0.005708034
val,d724f835acb9f4886c0001af32cd325dbbf1f895,samba,0,0.8427984
val,954d75b2b64e4799f360d2a6bf9cff6d9fee37e7,dbus,0,0.004174367
val,166978a09cf5edff4028e670b6074215a4c75eca,dbus,0,0.030996833
val,1dcd10aceabbc03bf571ea32b892c522cbe923de,tcpdump,1,0.7733876
val,7335163a6ef82d46ff18f3e6099a157747241629,tcpdump,1,0.98215127
val,1e7a32924b22d1f786b6f490ce8590656f578f91,samba,0,0.83393407
val,ba5dbda6d0174a59d221c45cca52ecd232820d48,samba,0,0.0037874577
val,e0a5a02b0fc1900a69d6c37ed0aab36fb8494e6d,tcpdump,1,0.9987478
val,954d75b2b64e4799f360d2a6bf9cff6d9fee37e7,dbus,0,0.007374366
val,1e7a32924b22d1f786b6f490ce8590656f578f91,samba,0,0.21954659
val,a819d2b440aafa3138d95ff6e8b824da885a70e9,samba,0,0.9801103
val,ba5dbda6d0174a59d221c45cca52ecd232820d48,samba,0,0.0023276936
val,9a480deec4d20277d8e20bc55515ef0640ca1e55,samba,0,0.06584471
val,a819d2b440aafa3138d95ff6e8b824da885a70e9,samba,0,0.05490385
val,1e7a32924b22d1f786b6f490ce8590656f578f91,samba,0,0.07531231
val,b534e304568585707c4a92422aeca25cf908ff02,tcpdump,1,0.9966234
val,4794b5dd34688158fb51a2943032569d3780c4b8,xcursor,0,0.0030455743
val,56f7b1bc95a2a3eeb420e069e7655fb181ade5cf,krb5,1,0.99456257
val,1dcd10aceabbc03bf571ea32b892c522cbe923de,tcpdump,1,0.9849563
val,166978a09cf5edff4028e670b6074215a4c75eca,dbus,0,0.40811458
val,954d75b2b64e4799f360d2a6bf9cff6d9fee37e7,dbus,0,0.003991728
val,cf1a0c411b2668c57c41e9c4efd15ba17b6b322c,krb5,1,0.9864157
val,530d50a1abdcdf4d1775652d4c456c1274d83d8d,samba,0,0.053749956
val,7b8a4ecd6ff9cdf4e5d3850ebf822f1e989255b3,samba,1,0.17314835
val,c3223ba6c401ba81df1305851312a47c485e6cd7,dbus,0,0.0064882697
val,4278ef25f64d5fdbf432ff1534e275416ec9561e,samba,0,0.15584777
val,a819d2b440aafa3138d95ff6e8b824da885a70e9,samba,0,0.71042746
val,8934a7d6307267d301182f19ed162563717e29e3,tcpdump,1,0.071332
val,4794b5dd34688158fb51a2943032569d3780c4b8,xcursor,0,0.0037289574
val,954d75b2b64e4799f360d2a6bf9cff6d9fee37e7,dbus,0,0.05937366
val,8dca25d26c7ca2caf6138267f6f17111212c156e,tcpdump,1,0.99674594
val,82dc33da50338ac84c7b4102dc6513d897d0506a,krb5,1,0.9981969
val,a118d4220ed85749c07fb43c1229d9e2fecbea6b,samba,0,0.6229039
val,954d75b2b64e4799f360d2a6bf9cff6d9fee37e7,dbus,0,0.9772842
val,954d75b2b64e4799f360d2a6bf9cff6d9fee37e7,dbus,0,0.3916813
val,1ba49b8f389eda3414b14410c7fbcb4041ca06b1,samba,0,0.009250096
val,954d75b2b64e4799f360d2a6bf9cff6d9fee37e7,dbus,0,0.0031912678
val,530d50a1abdcdf4d1775652d4c456c1274d83d8d,samba,0,0.3736758
val,954d75b2b64e4799f360d2a6bf9cff6d9fee37e7,dbus,0,0.006692851
val,5c3fcae78b63ac9dd56e36075903921bd9461f9e,lxc,1,0.99887747
val,a819d2b440aafa3138d95ff6e8b824da885a70e9,samba,0,0.032558974
val,b0dc999e0b45355314616321dbb6cb71e729fc9d,gnome-session,1,0.99566
val,6f5ba2b651cd9d4b7fa8ee5c4f94460645877c45,tcpdump,1,0.99398476
val,b534e304568585707c4a92422aeca25cf908ff02,tcpdump,1,0.967101
val,7f51ec8c4ed9ba1f53d722e44fb6fb3cde933b72,samba,1,0.9980354
val,675fd8d771f9d43e354dba53ddd9b5483ae0a1d7,samba,0,0.9542227
val,8dca25d26c7ca2caf6138267f6f17111212c156e,tcpdump,1,0.99837387
val,954d75b2b64e4799f360d2a6bf9cff6d9fee37e7,dbus,0,0.0042069694
val,c252546ceeb0925eb8a4061315e3ff0a8c55b48b,samba,0,0.011222866
val,47a63d90e71d3e19e0e96052bb8c6b9cb140ecc1,samba,0,0.043163687
val,0454b95657846fcecf0f51b6f1194faac02518bd,samba,0,0.0035174885
val,1e7a32924b22d1f786b6f490ce8590656f578f91,samba,0,0.017526364
val,b65574bef233474e915fdf18614aa211e31cc6c2,sgminer,1,0.025565213
val,c3223ba6c401ba81df1305851312a47c485e6cd7,dbus,0,0.0048109824
val,b000da128b5fb519d2d3f2e7fd20e4a25b7dae7d,samba,0,0.23436286
val,a819d2b440aafa3138d95ff6e8b824da885a70e9,samba,0,0.99749833
val,a819d2b440aafa3138d95ff6e8b824da885a70e9,samba,0,0.99010193
val,954d75b2b64e4799f360d2a6bf9cff6d9fee37e7,dbus,0,0.0029984985
val,a819d2b440aafa3138d95ff6e8b824da885a70e9,samba,0,0.08351588
val,56f7b1bc95a2a3eeb420e069e7655fb181ade5cf,krb5,1,0.016450368
val,a118d4220ed85749c07fb43c1229d9e2fecbea6b,samba,0,0.0037800956
val,c3223ba6c401ba81df1305851312a47c485e6cd7,dbus,0,0.004109916
val,ba5dbda6d0174a59d221c45cca52ecd232820d48,samba,0,0.0022961588
val,0f95d441e4b5d7512cc5c326c8668a120e048eda,tcpdump,1,0.9987503
val,cc356512f512e7fa423b3674db4bb31dbe40ffec,tcpdump,1,0.99884856
val,b69d11727d4f0f8cf719c79e3fb700f55ca03e9a,MAC-Telnet,1,0.98866826
val,954d75b2b64e4799f360d2a6bf9cff6d9fee37e7,dbus,0,0.0033374047
val,a7886f0ed1277c69142b14a2c6629175a6331edc,krb5,1,0.9706043
val,70aeb5fddd1b2f8e143276f8d5a085db16c593b9,samba,0,0.007331598
val,cc356512f512e7fa423b3674db4bb31dbe40ffec,tcpdump,1,0.99835795
val,954d75b2b64e4799f360d2a6bf9cff6d9fee37e7,dbus,0,0.0029121784
val,3a76fd7c95fced2c2f8c8148a9055c3a542eff29,tcpdump,1,0.99883956
val,530d50a1abdcdf4d1775652d4c456c1274d83d8d,samba,0,0.16231364
val,7f51ec8c4ed9ba1f53d722e44fb6fb3cde933b72,samba,0,0.09488717
val,530d50a1abdcdf4d1775652d4c456c1274d83d8d,samba,0,0.0055119335
val,03a8c630f015f63268639d3ed3bf82cff6fa77d8,jerryscript,1,0.17300858
val,954d75b2b64e4799f360d2a6bf9cff6d9fee37e7,dbus,0,0.004886375
val,c3223ba6c401ba81df1305851312a47c485e6cd7,dbus,0,0.023734689
val,166978a09cf5edff4028e670b6074215a4c75eca,dbus,0,0.015573563
val,a819d2b440aafa3138d95ff6e8b824da885a70e9,samba,0,0.04782452
val,a0df3e1c7728205e5c7650b2e6dce684139254a6,libXrandr,1,0.879043
val,0454b95657846fcecf0f51b6f1194faac02518bd,samba,0,0.051605966
val,a819d2b440aafa3138d95ff6e8b824da885a70e9,samba,0,0.064535476
val,166978a09cf5edff4028e670b6074215a4c75eca,dbus,0,0.031588882
val,b000da128b5fb519d2d3f2e7fd20e4a25b7dae7d,samba,0,0.49858093
val,1e7a32924b22d1f786b6f490ce8590656f578f91,samba,0,0.03746751
val,954d75b2b64e4799f360d2a6bf9cff6d9fee37e7,dbus,0,0.7807879
val,47a63d90e71d3e19e0e96052bb8c6b9cb140ecc1,samba,0,0.006438102
val,56f7b1bc95a2a3eeb420e069e7655fb181ade5cf,krb5,1,0.9771756
val,954d75b2b64e4799f360d2a6bf9cff6d9fee37e7,dbus,0,0.0077705816
val,f4b9e24c7384d882a7f434cc7413925bf871d63e,tcpdump,1,0.102529146
val,70aeb5fddd1b2f8e143276f8d5a085db16c593b9,samba,0,0.08028533
val,70aeb5fddd1b2f8e143276f8d5a085db16c593b9,samba,0,0.03601607
val,7f51ec8c4ed9ba1f53d722e44fb6fb3cde933b72,samba,0,0.0042315875
val,7d3aba9f06899d0128ef46e8a2fa143c6fad8f62,tcpdump,1,0.044100914
val,a819d2b440aafa3138d95ff6e8b824da885a70e9,samba,0,0.99799275
val,4278ef25f64d5fdbf432ff1534e275416ec9561e,samba,0,0.27669054
val,4278ef25f64d5fdbf432ff1534e275416ec9561e,samba,0,0.12901816
val,47a63d90e71d3e19e0e96052bb8c6b9cb140ecc1,samba,0,0.017012626
val,c2f6833dddecf2d5fb89c9c898eee9981da342ed,tcpdump,1,0.99609274
val,4794b5dd34688158fb51a2943032569d3780c4b8,xcursor,0,0.0037072531
val,a819d2b440aafa3138d95ff6e8b824da885a70e9,samba,0,0.93874466
val,56f7b1bc95a2a3eeb420e069e7655fb181ade5cf,krb5,1,0.05877656
val,66df248b49095c261138b5a5e34d341a6bf9ac7f,tcpdump,1,0.9933975
val,c252546ceeb0925eb8a4061315e3ff0a8c55b48b,samba,0,0.005609132
val,592fd47a6245508b79fe6ac819fe6d3b2c1289be,lxc,1,0.984063
val,166978a09cf5edff4028e670b6074215a4c75eca,dbus,0,0.003794834
val,0454b95657846fcecf0f51b6f1194faac02518bd,samba,0,0.0058881594
val,93b4a6306a0026cf1cc31ac4bd8a49ba5d034ba7,krb5,1,0.2906284
val,ffb35baac6981f9e8914f8f3bffd37f284b85970,krb5,1,0.9876401
val,a819d2b440aafa3138d95ff6e8b824da885a70e9,samba,0,0.99805814
val,1dcd10aceabbc03bf571ea32b892c522cbe923de,tcpdump,1,0.63813084
val,4794b5dd34688158fb51a2943032569d3780c4b8,xcursor,0,0.0031175725
val,954d75b2b64e4799f360d2a6bf9cff6d9fee37e7,dbus,0,0.0028449094
val,ffb35baac6981f9e8914f8f3bffd37f284b85970,krb5,1,0.25312182
val,a819d2b440aafa3138d95ff6e8b824da885a70e9,samba,0,0.9909972
val,a819d2b440aafa3138d95ff6e8b824da885a70e9,samba,0,0.97885466
val,a819d2b440aafa3138d95ff6e8b824da885a70e9,samba,0,0.21419787
val,47a63d90e71d3e19e0e96052bb8c6b9cb140ecc1,samba,0,0.002491968
val,a819d2b440aafa3138d95ff6e8b824da885a70e9,samba,0,0.7637922
val,4794b5dd34688158fb51a2943032569d3780c4b8,xcursor,0,0.0038170498
val,47a63d90e71d3e19e0e96052bb8c6b9cb140ecc1,samba,0,0.062160026
val,1ba49b8f389eda3414b14410c7fbcb4041ca06b1,samba,0,0.9896318
val,4278ef25f64d5fdbf432ff1534e275416ec9561e,samba,0,0.040200245
val,a819d2b440aafa3138d95ff6e8b824da885a70e9,samba,0,0.19628645
val,166978a09cf5edff4028e670b6074215a4c75eca,dbus,0,0.27430278
val,4c023ba43c16396f0d199e2df1cfa59b88b62acc,krb5,1,0.07730841
val,47a63d90e71d3e19e0e96052bb8c6b9cb140ecc1,samba,0,0.22143485
val,530d50a1abdcdf4d1775652d4c456c1274d83d8d,samba,0,0.20793757
val,b69d11727d4f0f8cf719c79e3fb700f55ca03e9a,MAC-Telnet,1,0.973519
val,56f7b1bc95a2a3eeb420e069e7655fb181ade5cf,krb5,1,0.99568534
val,954d75b2b64e4799f360d2a6bf9cff6d9fee37e7,dbus,0,0.0061689946
val,8f80c2d83808150724d31793e6ade92749b1faa4,jansson,1,0.9702116
val,4794b5dd34688158fb51a2943032569d3780c4b8,xcursor,0,0.0043230867
val,0454b95657846fcecf0f51b6f1194faac02518bd,samba,0,0.004529617
val,a819d2b440aafa3138d95ff6e8b824da885a70e9,samba,0,0.022715755
val,954d75b2b64e4799f360d2a6bf9cff6d9fee37e7,dbus,0,0.08854406
val,c252546ceeb0925eb8a4061315e3ff0a8c55b48b,samba,0,0.0037362208
val,56f7b1bc95a2a3eeb420e069e7655fb181ade5cf,krb5,1,0.9899476
val,954d75b2b64e4799f360d2a6bf9cff6d9fee37e7,dbus,0,0.03986249
val,166978a09cf5edff4028e670b6074215a4c75eca,dbus,0,0.39991415
val,331530a4076c69bbd2e3214db6ccbe834fb75640,tcpdump,1,0.99532723
val,c3223ba6c401ba81df1305851312a47c485e6cd7,dbus,0,0.93195957
val,166978a09cf5edff4028e670b6074215a4c75eca,dbus,0,0.9053223
val,ba5dbda6d0174a59d221c45cca52ecd232820d48,samba,0,0.0025809042
val,530d50a1abdcdf4d1775652d4c456c1274d83d8d,samba,1,0.2222778
val,530d50a1abdcdf4d1775652d4c456c1274d83d8d,samba,0,0.357119
val,910c36089940e81fb85c65b8e63dcd2fac71470c,sgminer,1,0.9576754
val,954d75b2b64e4799f360d2a6bf9cff6d9fee37e7,dbus,0,0.24427286
val,b8e0d416898bb975a02c1b55883342edc5b4c9c0,wireshark,1,0.99871576
val,954d75b2b64e4799f360d2a6bf9cff6d9fee37e7,dbus,0,0.014337031
val,0454b95657846fcecf0f51b6f1194faac02518bd,samba,0,0.039564554
val,04038bf3633c4b909b5ded3072dc88c8c419bf16,krb5,1,0.99857855
val,954d75b2b64e4799f360d2a6bf9cff6d9fee37e7,dbus,0,0.004182494
val,a819d2b440aafa3138d95ff6e8b824da885a70e9,samba,0,0.006654009
val,4278ef25f64d5fdbf432ff1534e275416ec9561e,samba,0,0.8449855
val,166978a09cf5edff4028e670b6074215a4c75eca,dbus,0,0.0077705816
val,de1e67d0703894cb6ea782e36abb63976ab07e60,git,1,0.99882823
val,1e7a32924b22d1f786b6f490ce8590656f578f91,samba,0,0.0058312714
val,a118d4220ed85749c07fb43c1229d9e2fecbea6b,samba,0,0.0032666994
val,a819d2b440aafa3138d95ff6e8b824da885a70e9,samba,0,0.99801993
val,5509597decdbd7b91994210f700329d8a35e70a1,samba,0,0.01676938
val,eee0b04bcfdae319c242b0b8fc3d07029ee65b8c,tcpdump,1,0.5214254
val,538d305de91e34a2938f5f219f18bf0e1918763f,samba,0,0.97334224
val,5338aac7b8b880b0c5e0c15e27dadc44c5559284,tcpdump,1,0.044100914
val,f36cb71c330a52106e36028b3029d952257baf15,samba,1,0.13034077
val,88b2dac837e81cf56dce05e6e7b5989332c0092d,tcpdump,1,0.9979493
val,a819d2b440aafa3138d95ff6e8b824da885a70e9,samba,0,0.9980083
val,ffe7058c70253d574b1963c7c93002bd410fddc9,altlinux,0,0.9432431
val,954d75b2b64e4799f360d2a6bf9cff6d9fee37e7,dbus,0,0.0041179177
val,b8e0d416898bb975a02c1b55883342edc5b4c9c0,wireshark,1,0.9988121
val,530d50a1abdcdf4d1775652d4c456c1274d83d8d,samba,0,0.24260916
val,a118d4220ed85749c07fb43c1229d9e2fecbea6b,samba,0,0.033971995
val,954d75b2b64e4799f360d2a6bf9cff6d9fee37e7,dbus,0,0.9869795
val,a819d2b440aafa3138d95ff6e8b824da885a70e9,samba,0,0.9759006
val,4794b5dd34688158fb51a2943032569d3780c4b8,xcursor,0,0.01246767
val,82dc33da50338ac84c7b4102dc6513d897d0506a,krb5,1,0.7849791
val,0454b95657846fcecf0f51b6f1194faac02518bd,samba,0,0.004494525
val,0454b95657846fcecf0f51b6f1194faac02518bd,samba,0,0.008968053
val,538d305de91e34a2938f5f219f18bf0e1918763f,samba,0,0.002923543
val,1e7a32924b22d1f786b6f490ce8590656f578f91,samba,0,0.05802475
val,166978a09cf5edff4028e670b6074215a4c75eca,dbus,0,0.0027954772
val,c3223ba6c401ba81df1305851312a47c485e6cd7,dbus,0,0.0024726233
val,592fd47a6245508b79fe6ac819fe6d3b2c1289be,lxc,1,0.99804294
val,b69d11727d4f0f8cf719c79e3fb700f55ca03e9a,MAC-Telnet,1,0.9988927
val,730fc35968c5433b9e2a829779057f4f9495dc51,tcpdump,1,0.9987257
val,102bb6ebf20f9174130c85c3b052ae104e5073ec,krb5,1,0.91700584
val,b000da128b5fb519d2d3f2e7fd20e4a25b7dae7d,samba,0,0.2244802
val,0454b95657846fcecf0f51b6f1194faac02518bd,samba,0,0.0039224476
val,b534e304568585707c4a92422aeca25cf908ff02,tcpdump,1,0.56579363
val,5509597decdbd7b91994210f700329d8a35e70a1,samba,0,0.04620575
val,4278ef25f64d5fdbf432ff1534e275416ec9561e,samba,0,0.017763345
val,0454b95657846fcecf0f51b6f1194faac02518bd,samba,0,0.017543187
val,c3223ba6c401ba81df1305851312a47c485e6cd7,dbus,0,0.002784609
val,954d75b2b64e4799f360d2a6bf9cff6d9fee37e7,dbus,0,0.9333701
val,c3223ba6c401ba81df1305851312a47c485e6cd7,dbus,0,0.033621218
val,f36cb71c330a52106e36028b3029d952257baf15,samba,0,0.01798621
val,70aeb5fddd1b2f8e143276f8d5a085db16c593b9,samba,0,0.24716878
val,dbe14f00030af5d3577f4cabbf9861db59e9c378,libsndfile,1,0.01392886
val,70aeb5fddd1b2f8e143276f8d5a085db16c593b9,samba,0,0.1036125
val,954d75b2b64e4799f360d2a6bf9cff6d9fee37e7,dbus,0,0.0045916834
val,56f7b1bc95a2a3eeb420e069e7655fb181ade5cf,krb5,1,0.48044822
val,954d75b2b64e4799f360d2a6bf9cff6d9fee37e7,dbus,0,0.004886375
val,a66628e425db725df1ac52a3c573a03357060ddd,wireshark,1,0.9989392
val,166978a09cf5edff4028e670b6074215a4c75eca,dbus,1,0.1079066
val,a819d2b440aafa3138d95ff6e8b824da885a70e9,samba,0,0.20862198
val,0454b95657846fcecf0f51b6f1194faac02518bd,samba,0,0.023087243
val,f457b7b5ecfe91697ed01cfc825772c4d8de1236,libsndfile,1,0.99496907
val,56f7b1bc95a2a3eeb420e069e7655fb181ade5cf,krb5,1,0.9628132
val,a819d2b440aafa3138d95ff6e8b824da885a70e9,samba,0,0.19413853
val,a819d2b440aafa3138d95ff6e8b824da885a70e9,samba,0,0.6376515
val,04038bf3633c4b909b5ded3072dc88c8c419bf16,krb5,1,0.99674594
val,eee0b04bcfdae319c242b0b8fc3d07029ee65b8c,tcpdump,1,0.998345
val,ffe7058c70253d574b1963c7c93002bd410fddc9,altlinux,0,0.01287075
val,954d75b2b64e4799f360d2a6bf9cff6d9fee37e7,dbus,0,0.88769233
val,1dcd10aceabbc03bf571ea32b892c522cbe923de,tcpdump,1,0.63956726
val,50a44b6b8e4f7c127440dbd4239cf571945cc1e7,tcpdump,1,0.9966949
val,4278ef25f64d5fdbf432ff1534e275416ec9561e,samba,0,0.010881333
val,56f7b1bc95a2a3eeb420e069e7655fb181ade5cf,krb5,1,0.014009566
val,8512734883227c11568bb35da1d48b9f8466f43f,tcpdump,1,0.20489818
val,7029d15f148ef24bb7c6668bc640f5470d085e5a,tcpdump,1,0.013715874
val,954d75b2b64e4799f360d2a6bf9cff6d9fee37e7,dbus,0,0.0032986512
val,8dca25d26c7ca2caf6138267f6f17111212c156e,tcpdump,1,0.9989857
val,1dcd10aceabbc03bf571ea32b892c522cbe923de,tcpdump,1,0.51137346
val,a819d2b440aafa3138d95ff6e8b824da885a70e9,samba,0,0.043731883
val,954d75b2b64e4799f360d2a6bf9cff6d9fee37e7,dbus,0,0.012895588
val,06f882f30092a39a1db867c9744b2ca8d60e4ad6,altlinux,0,0.0029868432
val,b45a9a167ca6a3ef2752ae9d48d56ac14b001bfd,tcpdump,1,0.6091319
val,954d75b2b64e4799f360d2a6bf9cff6d9fee37e7,dbus,0,0.0032794431
val,538d305de91e34a2938f5f219f18bf0e1918763f,samba,0,0.0029694452
val,954d75b2b64e4799f360d2a6bf9cff6d9fee37e7,dbus,0,0.00552265
val,530d50a1abdcdf4d1775652d4c456c1274d83d8d,samba,0,0.4728204
val,66df248b49095c261138b5a5e34d341a6bf9ac7f,tcpdump,1,0.7393754
val,7a923447fd49a069a0fd3b6c3547438ab5ee2123,tcpdump,1,0.9981828
val,f0c094a1b745d91ef2f9a4eae2149aac026a5789,krb5,1,0.99703634
val,530d50a1abdcdf4d1775652d4c456c1274d83d8d,samba,0,0.5121131
val,954d75b2b64e4799f360d2a6bf9cff6d9fee37e7,dbus,0,0.0050701755
val,a819d2b440aafa3138d95ff6e8b824da885a70e9,samba,0,0.9988418
val,954d75b2b64e4799f360d2a6bf9cff6d9fee37e7,dbus,0,0.006229157
val,d724f835acb9f4886c0001af32cd325dbbf1f895,samba,0,0.9982003
val,7f51ec8c4ed9ba1f53d722e44fb6fb3cde933b72,samba,0,0.88602656
val,166978a09cf5edff4028e670b6074215a4c75eca,dbus,0,0.002800927
val,a118d4220ed85749c07fb43c1229d9e2fecbea6b,samba,0,0.0028504557
val,de1e67d0703894cb6ea782e36abb63976ab07e60,git,1,0.9988463
val,289c672020280529fd382f3502efab7100d638ec,tcpdump,1,0.97366965
val,67c7126062d59729cd421bb38f9594015c9907ba,tcpdump,1,0.98279023
val,c5dd7bef5e54da5996dc4713284aa6266ae75b75,tcpdump,1,0.13869494
val,954d75b2b64e4799f360d2a6bf9cff6d9fee37e7,dbus,0,0.004339933
val,3c8a2b0e91d8d8947e89384dacf6b54673083e71,tcpdump,1,0.97366965
val,538d305de91e34a2938f5f219f18bf0e1918763f,samba,0,0.020527788
val,b534e304568585707c4a92422aeca25cf908ff02,tcpdump,1,0.99766773
val,a819d2b440aafa3138d95ff6e8b824da885a70e9,samba,0,0.7972413
val,e942fb84fbe3a73a98a00d2a279425872b5fb9d2,tcpdump,1,0.9989759
val,08c642c09c38a9c6454ab43a9b53b2a89b9eef99,krb5,1,0.9870046
val,bd4e697ebd6c8457efa8f28f6831fc929b88a014,tcpdump,1,0.9985191
val,530d50a1abdcdf4d1775652d4c456c1274d83d8d,samba,0,0.15475886
val,ba5dbda6d0174a59d221c45cca52ecd232820d48,samba,1,0.997813
val,8dca25d26c7ca2caf6138267f6f17111212c156e,tcpdump,1,0.9988796
val,db24063b01cba8e9d4d88b7d8ac70c9000c104e4,tcpdump,1,0.04535258
val,954d75b2b64e4799f360d2a6bf9cff6d9fee37e7,dbus,0,0.010986944
val,60b234301adf258786d8b90be5c1d437fc8799e0,libsndfile,1,0.9986802
val,a819d2b440aafa3138d95ff6e8b824da885a70e9,samba,0,0.9968458
val,ffe7058c70253d574b1963c7c93002bd410fddc9,altlinux,0,0.6853706
val,de1e67d0703894cb6ea782e36abb63976ab07e60,git,1,0.9985221
val,954d75b2b64e4799f360d2a6bf9cff6d9fee37e7,dbus,0,0.005899603
val,5509597decdbd7b91994210f700329d8a35e70a1,samba,1,0.9945095
val,cbddb98484ea8ec1deece351abd56e063d775b38,tcpdump,1,0.9987551
val,7b8a4ecd6ff9cdf4e5d3850ebf822f1e989255b3,samba,1,0.28303766
val,b000da128b5fb519d2d3f2e7fd20e4a25b7dae7d,samba,0,0.93874466
val,a819d2b440aafa3138d95ff6e8b824da885a70e9,samba,0,0.026006782
val,d515b4b4a300479cdf1a6e0d1bb95bc1f9fee514,tcpdump,1,0.9951325
val,06f882f30092a39a1db867c9744b2ca8d60e4ad6,altlinux,0,0.0107559245
val,b000da128b5fb519d2d3f2e7fd20e4a25b7dae7d,samba,0,0.08396547
val,349addc3be4fcdad9bd4ec01ad1ccd916c898ed8,proftpd,1,0.9627432
val,3db8dfec1ef50ddd78d6ba9503185995876a39fd,krb5,1,0.9960238
val,7f51ec8c4ed9ba1f53d722e44fb6fb3cde933b72,samba,0,0.020215968
val,a819d2b440aafa3138d95ff6e8b824da885a70e9,samba,0,0.99822825
val,70aeb5fddd1b2f8e143276f8d5a085db16c593b9,samba,0,0.010902373
val,d1f707024f1d0af6e54a18885322d70fa15ec4d3,krb5,1,0.934813
val,8dca25d26c7ca2caf6138267f6f17111212c156e,tcpdump,1,0.9970305
val,f18ddf5d82de0ab7591a36e465bc24225776940f,krb5,1,0.9967963
val,b8e0d416898bb975a02c1b55883342edc5b4c9c0,wireshark,1,0.998698
val,4c023ba43c16396f0d199e2df1cfa59b88b62acc,krb5,1,0.022759156
val,538d305de91e34a2938f5f219f18bf0e1918763f,samba,0,0.9745077
val,47a63d90e71d3e19e0e96052bb8c6b9cb140ecc1,samba,0,0.9559813
val,11b426ee05eb62ed103218526f1fa616851c43ce,tcpdump,1,0.99720997
val,954d75b2b64e4799f360d2a6bf9cff6d9fee37e7,dbus,0,0.008968053
val,954d75b2b64e4799f360d2a6bf9cff6d9fee37e7,dbus,0,0.7356891
val,4278ef25f64d5fdbf432ff1534e275416ec9561e,samba,0,0.99517965
val,56f7b1bc95a2a3eeb420e069e7655fb181ade5cf,krb5,1,0.7761143
val,a0df3e1c7728205e5c7650b2e6dce684139254a6,libXrandr,1,0.9863631
val,c252546ceeb0925eb8a4061315e3ff0a8c55b48b,samba,0,0.0054164114
val,4794b5dd34688158fb51a2943032569d3780c4b8,xcursor,0,0.19049804
val,a118d4220ed85749c07fb43c1229d9e2fecbea6b,samba,0,0.109705776
val,0454b95657846fcecf0f51b6f1194faac02518bd,samba,0,0.0151744485
val,9280051bfba337458722fb157f3082f93cbd9f2b,samba,1,0.98498523
val,538d305de91e34a2938f5f219f18bf0e1918763f,samba,0,0.006229157
val,de1e67d0703894cb6ea782e36abb63976ab07e60,git,1,0.9974788
val,530d50a1abdcdf4d1775652d4c456c1274d83d8d,samba,0,0.10594828
val,a819d2b440aafa3138d95ff6e8b824da885a70e9,samba,0,0.9875923
val,1e7a32924b22d1f786b6f490ce8590656f578f91,samba,0,0.048767097
val,4794b5dd34688158fb51a2943032569d3780c4b8,xcursor,0,0.15720153
val,a819d2b440aafa3138d95ff6e8b824da885a70e9,samba,0,0.05439932
val,2cb5985bf47bdc8bea78d28483ed224abdd33dc6,wireshark,1,0.8530579
val,0454b95657846fcecf0f51b6f1194faac02518bd,samba,0,0.0042315875
val,70aeb5fddd1b2f8e143276f8d5a085db16c593b9,samba,0,0.11491367
val,a819d2b440aafa3138d95ff6e8b824da885a70e9,samba,0,0.50445545
val,4794b5dd34688158fb51a2943032569d3780c4b8,xcursor,0,0.008219693
val,db64ca25d661a47b996b4e2645998b5d7f0eb52c,krb5,1,0.2643109
val,c3223ba6c401ba81df1305851312a47c485e6cd7,dbus,0,0.8191712
val,4278ef25f64d5fdbf432ff1534e275416ec9561e,samba,0,0.009143315
val,0dedfbce2c1b851684ba658861fe9d620636c56a,samba,1,0.998345
val,954d75b2b64e4799f360d2a6bf9cff6d9fee37e7,dbus,0,0.011552672
val,954d75b2b64e4799f360d2a6bf9cff6d9fee37e7,dbus,0,0.98607117
val,5c114c91d4ff31859fcd84cf8bf349b737b90d99,mruby,1,0.99773055
val,166978a09cf5edff4028e670b6074215a4c75eca,dbus,0,0.003899621
val,8f80c2d83808150724d31793e6ade92749b1faa4,jansson,1,0.9659317
val,a819d2b440aafa3138d95ff6e8b824da885a70e9,samba,0,0.82467383
val,166978a09cf5edff4028e670b6074215a4c75eca,dbus,0,0.004520817
val,954d75b2b64e4799f360d2a6bf9cff6d9fee37e7,dbus,1,0.9959771
val,954d75b2b64e4799f360d2a6bf9cff6d9fee37e7,dbus,0,0.0038543637
val,530d50a1abdcdf4d1775652d4c456c1274d83d8d,samba,0,0.008283626
val,530d50a1abdcdf4d1775652d4c456c1274d83d8d,samba,0,0.09982066
val,7d7190695ce2ff269fdffb04e87139995cde21f4,wireshark,1,0.9947187
val,c252546ceeb0925eb8a4061315e3ff0a8c55b48b,samba,0,0.011115013
val,e0a5a02b0fc1900a69d6c37ed0aab36fb8494e6d,tcpdump,1,0.9971048
val,4794b5dd34688158fb51a2943032569d3780c4b8,xcursor,1,0.9875444
val,e0a5a02b0fc1900a69d6c37ed0aab36fb8494e6d,tcpdump,1,0.9953904
val,c3223ba6c401ba81df1305851312a47c485e6cd7,dbus,0,0.0036146443
val,1ba49b8f389eda3414b14410c7fbcb4041ca06b1,samba,0,0.013545191
val,d724f835acb9f4886c0001af32cd325dbbf1f895,samba,0,0.9972262
val,70aeb5fddd1b2f8e143276f8d5a085db16c593b9,samba,1,0.8965235
val,538d305de91e34a2938f5f219f18bf0e1918763f,samba,0,0.002741556
val,675fd8d771f9d43e354dba53ddd9b5483ae0a1d7,samba,0,0.71725947
val,da6f1a677bfa4476abaeaf9b1afe1c4390f51b41,tcpdump,1,0.9960622
val,a819d2b440aafa3138d95ff6e8b824da885a70e9,samba,0,0.95861524
val,a819d2b440aafa3138d95ff6e8b824da885a70e9,samba,0,0.08419108
val,8dca25d26c7ca2caf6138267f6f17111212c156e,tcpdump,1,0.998912
val,de1e67d0703894cb6ea782e36abb63976ab07e60,git,1,0.9987816
val,954d75b2b64e4799f360d2a6bf9cff6d9fee37e7,dbus,0,0.050237365
val,b000da128b5fb519d2d3f2e7fd20e4a25b7dae7d,samba,0,0.8769509
val,8f80c2d83808150724d31793e6ade92749b1faa4,jansson,1,0.9862046
val,c3223ba6c401ba81df1305851312a47c485e6cd7,dbus,0,0.040275678
val,b589096f907052b3a4da2b9ccc9b0e2e888dfc18,collectd,1,0.9985506
val,8dca25d26c7ca2caf6138267f6f17111212c156e,tcpdump,1,0.99886644
val,954d75b2b64e4799f360d2a6bf9cff6d9fee37e7,dbus,0,0.0040939585
val,ffde45acf3348f8353fb4064a1b21683ee6b5ddf,tcpdump,1,0.9966949
val,166978a09cf5edff4028e670b6074215a4c75eca,dbus,0,0.004062229
val,1e7a32924b22d1f786b6f490ce8590656f578f91,samba,0,0.015335821
val,25452a2268ac7013da28125f3df22085139af12d,samba,1,0.89199936
val,a0df3e1c7728205e5c7650b2e6dce684139254a6,libXrandr,1,0.8666412
val,a819d2b440aafa3138d95ff6e8b824da885a70e9,samba,0,0.9803374
val,538d305de91e34a2938f5f219f18bf0e1918763f,samba,0,0.0054164114
val,c3223ba6c401ba81df1305851312a47c485e6cd7,dbus,0,0.0026626128
val,954d75b2b64e4799f360d2a6bf9cff6d9fee37e7,dbus,0,0.0349467
val,4794b5dd34688158fb51a2943032569d3780c4b8,xcursor,0,0.0028063874
val,ffb35baac6981f9e8914f8f3bffd37f284b85970,krb5,1,0.9570375
val,d724f835acb9f4886c0001af32cd325dbbf1f895,samba,0,0.09730459
val,7b8a4ecd6ff9cdf4e5d3850ebf822f1e989255b3,samba,1,0.93784
val,5509597decdbd7b91994210f700329d8a35e70a1,samba,0,0.0063883206
val,b000da128b5fb519d2d3f2e7fd20e4a25b7dae7d,samba,0,0.007446194
val,82dc33da50338ac84c7b4102dc6513d897d0506a,krb5,1,0.9520419
val,166978a09cf5edff4028e670b6074215a4c75eca,dbus,0,0.0026163394
val,a819d2b440aafa3138d95ff6e8b824da885a70e9,samba,0,0.0039607873
val,530d50a1abdcdf4d1775652d4c456c1274d83d8d,samba,0,0.24104245
val,d724f835acb9f4886c0001af32cd325dbbf1f895,samba,0,0.010652511
val,675fd8d771f9d43e354dba53ddd9b5483ae0a1d7,samba,0,0.994146
val,c252546ceeb0925eb8a4061315e3ff0a8c55b48b,samba,1,0.9316493
val,56f7b1bc95a2a3eeb420e069e7655fb181ade5cf,krb5,1,0.990329
val,db8c799f6dfc68765c9451fcbfca06e662f5bd5f,tcpdump,1,0.7393754
val,ba5dbda6d0174a59d221c45cca52ecd232820d48,samba,0,0.003105456
val,19d25dd8781620cd41bf178a5e2e27fc1cf242d0,tcpdump,1,0.997358
val,b0dc999e0b45355314616321dbb6cb71e729fc9d,gnome-session,1,0.9263037
val,675fd8d771f9d43e354dba53ddd9b5483ae0a1d7,samba,0,0.112551324
val,d724f835acb9f4886c0001af32cd325dbbf1f895,samba,0,0.71711093
val,954d75b2b64e4799f360d2a6bf9cff6d9fee37e7,dbus,0,0.006265534
val,9f0730bee3eb65d07b49fd468bc2f269173352fe,tcpdump,1,0.9985421
val,954d75b2b64e4799f360d2a6bf9cff6d9fee37e7,dbus,0,0.003524341
val,954d75b2b64e4799f360d2a6bf9cff6d9fee37e7,dbus,0,0.0039148238
val,a197e92349a4aa2141b5dff12e9dd44c2a2166e3,krb5,1,0.012821214
val,a819d2b440aafa3138d95ff6e8b824da885a70e9,samba,0,0.4525057
val,954d75b2b64e4799f360d2a6bf9cff6d9fee37e7,dbus,0,0.0036358088
val,d724f835acb9f4886c0001af32cd325dbbf1f895,samba,0,0.99785525
val,a819d2b440aafa3138d95ff6e8b824da885a70e9,samba,0,0.014742793
val,4278ef25f64d5fdbf432ff1534e275416ec9561e,samba,0,0.9978002
val,954d75b2b64e4799f360d2a6bf9cff6d9fee37e7,dbus,0,0.024376597
val,0454b95657846fcecf0f51b6f1194faac02518bd,samba,0,0.03622006
val,c252546ceeb0925eb8a4061315e3ff0a8c55b48b,samba,0,0.00569696
val,82dc33da50338ac84c7b4102dc6513d897d0506a,krb5,1,0.9977083
val,954d75b2b64e4799f360d2a6bf9cff6d9fee37e7,dbus,0,0.88710684
val,954d75b2b64e4799f360d2a6bf9cff6d9fee37e7,dbus,0,0.024940254
val,d724f835acb9f4886c0001af32cd325dbbf1f895,samba,0,0.99757034
val,954d75b2b64e4799f360d2a6bf9cff6d9fee37e7,dbus,0,0.005968731
val,954d75b2b64e4799f360d2a6bf9cff6d9fee37e7,dbus,0,0.003930086
val,954d75b2b64e4799f360d2a6bf9cff6d9fee37e7,dbus,0,0.0028449094
val,ba5dbda6d0174a59d221c45cca52ecd232820d48,samba,0,0.012945407
val,56f7b1bc95a2a3eeb420e069e7655fb181ade5cf,krb5,1,0.16465074
val,3ae5dac462c4ed0fb2cd94553583c56fce2f9d80,samba,1,0.9940659
val,b8e0d416898bb975a02c1b55883342edc5b4c9c0,wireshark,1,0.9988305
val,34fa79a6cde56d6d428ab0d3160cb094ebad3305,git,1,0.99780446
val,9a480deec4d20277d8e20bc55515ef0640ca1e55,samba,0,0.009250096
val,a118d4220ed85749c07fb43c1229d9e2fecbea6b,samba,0,0.0053954087
val,954d75b2b64e4799f360d2a6bf9cff6d9fee37e7,dbus,0,0.009485714
val,a819d2b440aafa3138d95ff6e8b824da885a70e9,samba,0,0.018264279
val,4278ef25f64d5fdbf432ff1534e275416ec9561e,samba,1,0.99867755
val,954d75b2b64e4799f360d2a6bf9cff6d9fee37e7,dbus,0,0.003135836
val,954d75b2b64e4799f360d2a6bf9cff6d9fee37e7,dbus,0,0.55303764
val,b534e304568585707c4a92422aeca25cf908ff02,tcpdump,1,0.9976357
val,b69d11727d4f0f8cf719c79e3fb700f55ca03e9a,MAC-Telnet,1,0.99876
val,954d75b2b64e4799f360d2a6bf9cff6d9fee37e7,dbus,0,0.48104244
val,6fca58f5f9c96749a575f52e20598ad43f5bdf30,tcpdump,1,0.97953105
val,954d75b2b64e4799f360d2a6bf9cff6d9fee37e7,dbus,0,0.0068239546
val,166978a09cf5edff4028e670b6074215a4c75eca,dbus,0,0.997537
val,2b62d1dda41590db29368ec7ba5f4faf3464765a,tcpdump,1,0.998259
val,4794b5dd34688158fb51a2943032569d3780c4b8,xcursor,0,0.05232762
val,a197e92349a4aa2141b5dff12e9dd44c2a2166e3,krb5,1,0.15649122
val,8dca25d26c7ca2caf6138267f6f17111212c156e,tcpdump,1,0.9988098
val,0454b95657846fcecf0f51b6f1194faac02518bd,samba,0,0.014587568
val,2cb5985bf47bdc8bea78d28483ed224abdd33dc6,wireshark,1,0.97730595
val,06f882f30092a39a1db867c9744b2ca8d60e4ad6,altlinux,0,0.021450732
val,ba5dbda6d0174a59d221c45cca52ecd232820d48,samba,0,0.0056309616
val,730fc35968c5433b9e2a829779057f4f9495dc51,tcpdump,1,0.99879813
val,897213f36baf6926daf6d192c709cf627aa5fd05,xcursor,1,0.99790895
val,954d75b2b64e4799f360d2a6bf9cff6d9fee37e7,dbus,0,0.0028173404
val,4794b5dd34688158fb51a2943032569d3780c4b8,xcursor,0,0.038285997
val,954d75b2b64e4799f360d2a6bf9cff6d9fee37e7,dbus,0,0.003324437
val,0454b95657846fcecf0f51b6f1194faac02518bd,samba,0,0.20866227
val,a819d2b440aafa3138d95ff6e8b824da885a70e9,samba,0,0.99843603
val,4278ef25f64d5fdbf432ff1534e275416ec9561e,samba,0,0.017576883
val,954d75b2b64e4799f360d2a6bf9cff6d9fee37e7,dbus,0,0.00380963
val,d724f835acb9f4886c0001af32cd325dbbf1f895,samba,0,0.09041373
val,954d75b2b64e4799f360d2a6bf9cff6d9fee37e7,dbus,0,0.1153614
val,a819d2b440aafa3138d95ff6e8b824da885a70e9,samba,0,0.9974241
val,d724f835acb9f4886c0001af32cd325dbbf1f895,samba,0,0.22524616
val,954d75b2b64e4799f360d2a6bf9cff6d9fee37e7,dbus,0,0.9978594
val,4278ef25f64d5fdbf432ff1534e275416ec9561e,samba,0,0.009107993
val,166978a09cf5edff4028e670b6074215a4c75eca,dbus,0,0.3522575
val,c3223ba6c401ba81df1305851312a47c485e6cd7,dbus,0,0.012312327
val,a819d2b440aafa3138d95ff6e8b824da885a70e9,samba,0,0.9983802
val,166978a09cf5edff4028e670b6074215a4c75eca,dbus,0,0.0037362208
val,877b66b398518d9501513e0860c9f3a8acc70892,tcpdump,1,0.99844813
val,a819d2b440aafa3138d95ff6e8b824da885a70e9,samba,0,0.6931096
val,39582c04cc5e34054b2936b423072fb9df2ff6ef,tcpdump,1,0.99554896
val,e6ae703ae597d798e310368d52b8f38ee11c6a73,krb5,1,0.99437994
val,4278ef25f64d5fdbf432ff1534e275416ec9561e,samba,0,0.009161026
val,de1e67d0703894cb6ea782e36abb63976ab07e60,git,1,0.30787802
val,e0a5a02b0fc1900a69d6c37ed0aab36fb8494e6d,tcpdump,1,0.99863833
val,954d75b2b64e4799f360d2a6bf9cff6d9fee37e7,dbus,0,0.0039839703
val,1e7a32924b22d1f786b6f490ce8590656f578f91,samba,0,0.0085443305
val,c3223ba6c401ba81df1305851312a47c485e6cd7,dbus,0,0.7976356
val,ba5dbda6d0174a59d221c45cca52ecd232820d48,samba,0,0.003976228
val,de1e67d0703894cb6ea782e36abb63976ab07e60,git,1,0.9986249
val,70aeb5fddd1b2f8e143276f8d5a085db16c593b9,samba,0,0.09790668
val,954d75b2b64e4799f360d2a6bf9cff6d9fee37e7,dbus,0,0.003642891
val,a819d2b440aafa3138d95ff6e8b824da885a70e9,samba,0,0.26769522
val,5d0d76e88ee2d3236d7e032589d6f1d4ec5f7b1e,tcpdump,1,0.99401975
val,a819d2b440aafa3138d95ff6e8b824da885a70e9,samba,0,0.9641868
val,954d75b2b64e4799f360d2a6bf9cff6d9fee37e7,dbus,0,0.004314688
val,a819d2b440aafa3138d95ff6e8b824da885a70e9,samba,0,0.99861693
val,954d75b2b64e4799f360d2a6bf9cff6d9fee37e7,dbus,0,0.00380963
val,b000da128b5fb519d2d3f2e7fd20e4a25b7dae7d,samba,0,0.3622639
val,0454b95657846fcecf0f51b6f1194faac02518bd,samba,0,0.0046545975
val,1922a4e6aade7b1d685af19d4d9339ddb5c02859,polarssl,1,0.020023441
val,a819d2b440aafa3138d95ff6e8b824da885a70e9,samba,0,0.7194822
val,954d75b2b64e4799f360d2a6bf9cff6d9fee37e7,dbus,0,0.01471445
val,4278ef25f64d5fdbf432ff1534e275416ec9561e,samba,0,0.03090896
val,b534e304568585707c4a92422aeca25cf908ff02,tcpdump,1,0.9970305
val,a819d2b440aafa3138d95ff6e8b824da885a70e9,samba,0,0.6756576
val,2c2cfbd2b771ac888bc5c4a6d922f749d3822538,tcpdump,1,0.9985421
val,1e7a32924b22d1f786b6f490ce8590656f578f91,samba,0,0.005620036
val,a819d2b440aafa3138d95ff6e8b824da885a70e9,samba,0,0.16224726
val,530d50a1abdcdf4d1775652d4c456c1274d83d8d,samba,0,0.042048372
val,0454b95657846fcecf0f51b6f1194faac02518bd,samba,0,0.012796518
val,5bb8a6b9c9eb8dd22bc9526751610aaa255ead9c,krb5,1,0.998259
val,954d75b2b64e4799f360d2a6bf9cff6d9fee37e7,dbus,0,0.9265035
val,954d75b2b64e4799f360d2a6bf9cff6d9fee37e7,dbus,0,0.005384938
val,c3223ba6c401ba81df1305851312a47c485e6cd7,dbus,0,0.026405519
val,ba5dbda6d0174a59d221c45cca52ecd232820d48,samba,1,0.9962346
val,0454b95657846fcecf0f51b6f1194faac02518bd,samba,0,0.009633653
val,b000da128b5fb519d2d3f2e7fd20e4a25b7dae7d,samba,0,0.800146
val,b534e304568585707c4a92422aeca25cf908ff02,tcpdump,1,0.9960238
val,c3223ba6c401ba81df1305851312a47c485e6cd7,dbus,0,0.0034902105
test,4b22cce3812052fe64fc3f6d58d8cc884e3cb834,openssl,0,0.0037654138
test,d5fc88e573fa58b93034b04d35a2454f5d28cad9,NetworkManager,0,0.0053432565
test,574ce994016107ad8ab0f845a785f28d7eaa5208,pengutronix,0,0.89199936
test,215f894965df5fb0bb45b107d84524e700d2073c,xserver,0,0.101991236
test,78ce088843d59d4494965bfc40b30a2e63d065f6,NetworkManager,0,0.0026368052
test,53488f0275d6c8a121af49f7ac817d09ce68090d,spice,0,0.3211406
test,215f894965df5fb0bb45b107d84524e700d2073c,xserver,0,0.003678509
test,8af619009660b24e0b41ad26b30289eea288fcc2,spice,0,0.0027202785
test,55d83bf7c10c7b205fffa23fa7c3977491e56c07,openssl,1,0.920218
test,215f894965df5fb0bb45b107d84524e700d2073c,xserver,0,0.6255525
test,53488f0275d6c8a121af49f7ac817d09ce68090d,spice,0,0.007446194
test,ecb7f58a069be0dec4a6131b6351a761f808f22e?w=1,php-src,1,0.16271238
test,1b4a8df38fc9ab3c089ca5765075ee53ec5bd66a,openssl,0,0.09594075
test,3984ef0b72831da8b3ece4745cac4f8575b19098,openssl,1,0.9963924
test,5e26325317c72a04c1610ad952974e206384d291,irssi,1,0.99843913
test,cad5a1050b7184d828aef9c1dd151c3ab649d37e,xserver,1,0.99790895
test,d8541d7e9e63bf5f343af24644046c8d96498c17,openssl,0,0.019719126
test,bdc20b9baf13564d9a061343416395f8f9a92b53,gstreamer,0,0.034488525
test,4b390b6c3f8df925dc92a3dd6b022baa9a2f4650,openssl,1,0.8625254
test,7722455726bec8c53458a32851d2a87982cf0eac?w=1,php-src,1,0.086593434
test,cad5a1050b7184d828aef9c1dd151c3ab649d37e,xserver,1,0.9985506
test,8af619009660b24e0b41ad26b30289eea288fcc2,spice,0,0.0066282395
test,bdc20b9baf13564d9a061343416395f8f9a92b53,gstreamer,0,0.004198795
test,215f894965df5fb0bb45b107d84524e700d2073c,xserver,0,0.0061929906
test,cad5a1050b7184d828aef9c1dd151c3ab649d37e,xserver,1,0.99580115
test,d8541d7e9e63bf5f343af24644046c8d96498c17,openssl,0,0.0030693877
test,d2632f6483a3ceb5d8e0a5fb11142c51c43978b4,radare2,1,0.9978802
test,8af619009660b24e0b41ad26b30289eea288fcc2,spice,0,0.0023781236
test,72794dc3523bbd5bb370de3c5857cb736c387e18,radare2,1,0.9975418
test,ca989269a2876bae79393bd54c3e72d49975fc75,openssl,0,0.061480366
test,215f894965df5fb0bb45b107d84524e700d2073c,xserver,0,0.97494066
test,e43a0a232dbf6d3c161823c2e07c52e76227a1bc,FFmpeg,1,0.9854124
test,ca989269a2876bae79393bd54c3e72d49975fc75,openssl,0,0.0034834244
test,992480c30f75943e9cd6245bb2015c7737f9b661,yara,1,0.47719634
test,80bd7b41b30af6ee96f519e629463583318de3b0,openssl,1,0.0074751205
test,3819db745da2ac7fb3faacb116788c32f4753f34,FFmpeg,1,0.998103
test,f5c7f5dfbaf0d2f7d946d0fe86f08e6bcb36ed0d,openssl,1,0.99727446
test,ada57746b6b80beae73111fe1291bf8dd89af91c,openssl,0,0.0021364212
test,103b171d8fc282ef435f8de9afbf7782e312961f,openssl,1,0.997783
test,8af619009660b24e0b41ad26b30289eea288fcc2,spice,0,0.0026574312
test,53488f0275d6c8a121af49f7ac817d09ce68090d,spice,0,0.0037654138
test,8af619009660b24e0b41ad26b30289eea288fcc2,spice,0,0.0226292
test,8af619009660b24e0b41ad26b30289eea288fcc2,spice,0,0.0125037925
test,76343947ada960b6269090638f5391068daee88d,openssl,0,0.003178866
test,8af619009660b24e0b41ad26b30289eea288fcc2,spice,0,0.002872748
test,31c1c0b46a7021802c3d1d18039fca30dba5a14e,FFmpeg,1,0.019870713
test,31400a673325147e1205326008e32135a78b4d8a,postgres,1,0.9979372
test,87580d767868360d2fed503980129504da84b63e,atheme,1,0.012443646
test,08fa47c4850cea32c3116665975bca219fbf2fe6,postgresql,0,0.16364582
test,8598a497e2d1f556a34458cf54b40ba40674734c,ImageMagick,1,0.036254164
test,dbf72805fd9d7b1846fe9a11b46f3994bfc27fea,libx11,1,0.9365757
test,c394a488942387246653833359a5c94b5832674e,openssl,0,0.0025459477
test,aa84944b405acebbeefe871d0f64969b9e9f31ac,ImageMagick,1,0.6450361
test,215f894965df5fb0bb45b107d84524e700d2073c,xserver,0,0.46076658
test,b007dd3a048097d8f58949297f5b434612e1e1a3,ImageMagick,1,0.013861953
test,53488f0275d6c8a121af49f7ac817d09ce68090d,spice,0,0.0018386653
test,9a0db453ba017ebcaccbee933ee6511a9ae4d1c8,openssl,0,0.074635044
test,ce325c60c74b0fa784f5872404b722e120e5cab0,openssl,1,0.22354652
test,76343947ada960b6269090638f5391068daee88d,openssl,0,0.4783613
test,8af619009660b24e0b41ad26b30289eea288fcc2,spice,0,0.012895588
test,76343947ada960b6269090638f5391068daee88d,openssl,0,0.015101652
test,af58be768ebb690f78530f796e92b8ae5c9a4401,openssl,1,0.8796129
test,08fa47c4850cea32c3116665975bca219fbf2fe6,postgresql,0,0.0076658744
test,08fa47c4850cea32c3116665975bca219fbf2fe6,postgresql,0,0.0036358088
test,c395c6e5d7e8df37a21265ff76e48fe75ceb5ae6?w=1,php-src,1,0.99871576
test,8af619009660b24e0b41ad26b30289eea288fcc2,spice,0,0.0037289574
test,780669ef7c23c00836a24921fcc6b03be2b8ca4a,FFmpeg,1,0.73335636
test,ca989269a2876bae79393bd54c3e72d49975fc75,openssl,0,0.61607003
test,1737ac82b335e53376382c07b9a500d73dd2aa11,ImageMagick,1,0.9674718
test,44ded3ff35b8264f54b5a900cab32ec489d9e5b9,radare2,1,0.72845864
test,4f65a3e4eedaffa1efcf9ee1eb08f0b504fbc31a,libgd,1,0.042166542
test,8af619009660b24e0b41ad26b30289eea288fcc2,spice,0,0.024099447
test,28894a30a17a84529be102b21118e55d6c9f23fa,virglrenderer,1,0.83237296
test,215f894965df5fb0bb45b107d84524e700d2073c,xserver,0,0.00402291
test,53488f0275d6c8a121af49f7ac817d09ce68090d,spice,0,0.003222484
test,d73cc256c8e256c32ed959456101b73ba9842f72,openssl,0,0.0047644526
test,08fa47c4850cea32c3116665975bca219fbf2fe6,postgresql,0,0.0044423942
test,76343947ada960b6269090638f5391068daee88d,openssl,0,0.002103369
test,dbf72805fd9d7b1846fe9a11b46f3994bfc27fea,libx11,0,0.0036928526
test,08fa47c4850cea32c3116665975bca219fbf2fe6,postgresql,0,0.018887341
test,9a0db453ba017ebcaccbee933ee6511a9ae4d1c8,openssl,0,0.059921406
test,47afc577ff763150f9b47f10331f5ef9eb847a57,suricata,1,0.47485185
test,08fa47c4850cea32c3116665975bca219fbf2fe6,postgresql,0,0.01539492
test,8af619009660b24e0b41ad26b30289eea288fcc2,spice,0,0.005384938
test,31400a673325147e1205326008e32135a78b4d8a,postgres,1,0.99837697
test,215f894965df5fb0bb45b107d84524e700d2073c,xserver,0,0.004914949
test,d81a1600588b726c2bdccda7efad3cc7a87d6245,openssl,1,0.9925103
test,53488f0275d6c8a121af49f7ac817d09ce68090d,spice,0,0.005139611
test,6b5d3fb26fb4be48e4966e4b1d97c2165538d4ef,FFmpeg,1,0.23109324
test,cc598f321fbac9c04da5766243ed55d55948637d,openssl,0,0.0036928526
test,8af619009660b24e0b41ad26b30289eea288fcc2,spice,0,0.030559864
test,9a271a9368eaabf99e6c2046103acb33957e63b7,FFmpeg,1,0.9952448
test,83a4b92815ea04969d494416eaae3d4c6b338e4a#diff-c8b4b355f9b5c06d585b23138e1c185f,libtiff,1,0.99857306
test,3014e198,libarchive,1,0.9990188
test,8af619009660b24e0b41ad26b30289eea288fcc2,spice,0,0.002199798
test,ca989269a2876bae79393bd54c3e72d49975fc75,openssl,0,0.005763727
test,08fa47c4850cea32c3116665975bca219fbf2fe6,postgresql,0,0.03601607
test,e96fc4fdd525fa0ede28074a7e2b1caf94b58b0d,jasper,1,0.9989778
test,08fa47c4850cea32c3116665975bca219fbf2fe6,postgresql,0,0.018404892
test,9a0db453ba017ebcaccbee933ee6511a9ae4d1c8,openssl,0,0.0070117954
test,84986ca024462058574432b5483f4bf9136c538d,pengutronix,0,0.9838472
test,bab0b99f376dac9170ac81382a5ed526938d595a,php-src,1,0.9979292
test,e534b51ca3c3cd25f3990589932a9ed711c59b27,virglrenderer,1,0.86703575
test,53488f0275d6c8a121af49f7ac817d09ce68090d,spice,0,0.0022961588
test,d73cc256c8e256c32ed959456101b73ba9842f72,openssl,0,0.007107632
test,8af619009660b24e0b41ad26b30289eea288fcc2,spice,0,0.0030101987
test,215f894965df5fb0bb45b107d84524e700d2073c,xserver,0,0.21526824
test,8af619009660b24e0b41ad26b30289eea288fcc2,spice,0,0.05047085
test,e43a0a232dbf6d3c161823c2e07c52e76227a1bc,FFmpeg,1,0.9938548
test,53488f0275d6c8a121af49f7ac817d09ce68090d,spice,0,0.0027900378
test,8af619009660b24e0b41ad26b30289eea288fcc2,spice,0,0.002458213
test,78ce088843d59d4494965bfc40b30a2e63d065f6,NetworkManager,0,0.0048109824
test,8af619009660b24e0b41ad26b30289eea288fcc2,spice,0,0.011266297
test,215f894965df5fb0bb45b107d84524e700d2073c,xserver,0,0.024845436
test,f9abd359f71a5bce421b9ae23432f539a067847a,accountsservice,0,0.0024391296
test,08fa47c4850cea32c3116665975bca219fbf2fe6,postgresql,0,0.02116562
test,1c77f7a869bdea2a34799d774460d1f9983d45f0,linux-nfs,0,0.29203975
test,72794dc3523bbd5bb370de3c5857cb736c387e18,radare2,1,0.99879813
test,215f894965df5fb0bb45b107d84524e700d2073c,xserver,0,0.0153063545
test,2899351224fe2940aec37d7656e1e392c0fe07f0,libreswan,1,0.974701
test,86f8fb0e344d62454f8daf3e15236b2b59210756,openssl,0,0.0022126967
test,215f894965df5fb0bb45b107d84524e700d2073c,xserver,0,0.11143445
test,1bd103df00f49cf4d4ade2cfe3f456ac058a4eae?w=1,php-src,1,0.9909972
test,65000a7fd9eea62359e6d6714f17b94a99a82edd,radare2,1,0.996682
test,08fa47c4850cea32c3116665975bca219fbf2fe6,postgresql,0,0.23048648
test,8af619009660b24e0b41ad26b30289eea288fcc2,spice,0,0.0027900378
test,8af619009660b24e0b41ad26b30289eea288fcc2,spice,0,0.0033766124
test,08fa47c4850cea32c3116665975bca219fbf2fe6,postgresql,0,0.0032603461
test,f9abd359f71a5bce421b9ae23432f539a067847a,accountsservice,0,0.093802445
test,53488f0275d6c8a121af49f7ac817d09ce68090d,spice,0,0.0020467502
test,08fa47c4850cea32c3116665975bca219fbf2fe6,postgresql,0,0.32694262
test,259b664f950c2ba66fbf4b0fe5281327904ead21,openssl,1,0.99802387
test,566583e87147f774e7fc4c78b5f7e61d427e40a9,gstreamer,0,0.0021912404
test,c394a488942387246653833359a5c94b5832674e,openssl,0,0.0094125895
test,78ce088843d59d4494965bfc40b30a2e63d065f6,NetworkManager,0,0.6087976
test,f9abd359f71a5bce421b9ae23432f539a067847a,accountsservice,0,0.0079997545
test,4cb1bcf1422bbcd79c0f683edb7ee85e3f7a31fe,gstreamer,1,0.8239667
test,51b0ae01709adc1e4a9245e158ef17b85a110960,ImageMagick,1,0.9979007
test,925bcf3c3b0a28b5b78e25d9efda5c0bf27ae699,yara,1,0.87599933
test,3a55ddd3c4c11ce75a86afbefd085d8d397ff957,libplist,1,0.99883956
test,215f894965df5fb0bb45b107d84524e700d2073c,xserver,1,0.89029425
test,f9abd359f71a5bce421b9ae23432f539a067847a,accountsservice,0,0.0037727475
test,53488f0275d6c8a121af49f7ac817d09ce68090d,spice,0,0.0045384313
test,8af619009660b24e0b41ad26b30289eea288fcc2,spice,0,0.00324136
test,8af619009660b24e0b41ad26b30289eea288fcc2,spice,0,0.15987216
test,08fa47c4850cea32c3116665975bca219fbf2fe6,postgresql,0,0.8707073
test,215f894965df5fb0bb45b107d84524e700d2073c,xserver,0,0.020215968
test,215f894965df5fb0bb45b107d84524e700d2073c,xserver,0,0.14578296
test,3c66a669dfc7b3792f7af0758ea26fe8502ce70c,openssl,0,0.17974645
test,437a35e57db5ec078f4a3ccbf71f941276e88430,ImageMagick,1,0.9971717
test,8e75437a7e43d4c55e861691f74892e666e29b0b,profanity,1,0.0038693908
test,e43a0a232dbf6d3c161823c2e07c52e76227a1bc,FFmpeg,1,0.050611433
test,6b5d3fb26fb4be48e4966e4b1d97c2165538d4ef,FFmpeg,1,0.99765414
test,1b4a8df38fc9ab3c089ca5765075ee53ec5bd66a,openssl,0,0.4828711
test,796dd28aaa6b9fa76d99c42c4d5ff8b257cc2191,radare2,1,0.9969126
test,9a0db453ba017ebcaccbee933ee6511a9ae4d1c8,openssl,0,0.0025114636
test,4a342f01e5439b9bb901aff1c6c23c536baeeb3f,yara,1,0.9845457
test,6d55ba265637d6adf0ba7e9c9ef11187d1ec2f5b?w=1,php-src,1,0.008560891
test,d0666f289ac013094bbbf547bfbcd616199b7d2d,openssl,0,0.005220126
test,a004e72b95835136d3f1ea90517f706c24c03da7,openssl,1,0.9969663
test,7658e8257183f062dc01f87969c140707c7e52cb,ppp,1,0.8512741
test,53488f0275d6c8a121af49f7ac817d09ce68090d,spice,0,0.0026470984
test,215f894965df5fb0bb45b107d84524e700d2073c,xserver,0,0.003831932
test,f9abd359f71a5bce421b9ae23432f539a067847a,accountsservice,0,0.014601612
test,c073a7712d82476b5fbee74856c46b88af9c3175,ImageMagick,1,0.9673486
test,8af619009660b24e0b41ad26b30289eea288fcc2,spice,0,0.003305079
test,8af619009660b24e0b41ad26b30289eea288fcc2,spice,0,0.0027629987
test,e97763c92c655dcf4af2860b3abd2bc4c8a267f9,openssl,1,0.9740426
test,cad5a1050b7184d828aef9c1dd151c3ab649d37e,xserver,1,0.0849471
test,08fa47c4850cea32c3116665975bca219fbf2fe6,postgresql,0,0.0070390464
test,9eedb5660f1704cde8e8cd784c5c2a09dd2fd60f,ImageMagick,1,0.9748452
test,f5da52e308a6aeea6d5f3df98c4da295d7e9cc27,openssl,1,0.005554925
test,8af619009660b24e0b41ad26b30289eea288fcc2,spice,0,0.006731917
test,ca989269a2876bae79393bd54c3e72d49975fc75,openssl,0,0.35797423
test,8af619009660b24e0b41ad26b30289eea288fcc2,spice,0,0.18720697
test,215f894965df5fb0bb45b107d84524e700d2073c,xserver,0,0.0046727303
test,08fa47c4850cea32c3116665975bca219fbf2fe6,postgresql,0,0.013146586
test,215f894965df5fb0bb45b107d84524e700d2073c,xserver,0,0.005663865
test,bdc20b9baf13564d9a061343416395f8f9a92b53,gstreamer,0,0.019985152
test,dc777c346d5d452a53b13b917c45f6a1bad2f20b,xserver,1,0.79700434
test,53488f0275d6c8a121af49f7ac817d09ce68090d,spice,0,0.0023920657
test,4924b37ee01f71ae19c94a8934b80eeb2f677932,openssl,1,0.004133968
test,bb80e9c7a798f035768260ebdadffb6eb0786178,tcmu-runner,1,0.99800056
test,08fa47c4850cea32c3116665975bca219fbf2fe6,postgresql,0,0.047869008
test,9a0db453ba017ebcaccbee933ee6511a9ae4d1c8,openssl,0,0.0023186402
test,f9abd359f71a5bce421b9ae23432f539a067847a,accountsservice,0,0.9744834
test,9a0db453ba017ebcaccbee933ee6511a9ae4d1c8,openssl,0,0.0024534282
test,68595c0c2886e7942a14f98c17a55a88afb6c292,openssl,1,0.97889495
test,4ad93618d26a3ea23d36ad5498ff4f59eff3a4d2,openssl,1,0.2801238
test,ca989269a2876bae79393bd54c3e72d49975fc75,openssl,0,0.03237491
test,28a00bcd8e318da18031b2ac8778c64147cd54f9,openssl,0,0.0025960316
test,215f894965df5fb0bb45b107d84524e700d2073c,xserver,0,0.03030055
test,b2d0e6f92310bb14a15aa2f8e96e1fb5379776dd,monkey,1,0.99784267
test,08fa47c4850cea32c3116665975bca219fbf2fe6,postgresql,0,0.00818791
test,08fa47c4850cea32c3116665975bca219fbf2fe6,postgresql,0,0.004416556
test,3c66a669dfc7b3792f7af0758ea26fe8502ce70c,openssl,0,0.0029178553
test,c394a488942387246653833359a5c94b5832674e,openssl,0,0.0058767376
test,e1b568dd2462f7cacf98f3d117936c34e2849a6b,openssl,0,0.9382939
test,4ad93618d26a3ea23d36ad5498ff4f59eff3a4d2,openssl,1,0.98749614
test,8af619009660b24e0b41ad26b30289eea288fcc2,spice,0,0.0460339
test,2919516136a4227d9e6d8f2fe66ef976aaf8c561,openssl,1,0.9369228
test,53488f0275d6c8a121af49f7ac817d09ce68090d,spice,0,0.0026214411
test,9a0db453ba017ebcaccbee933ee6511a9ae4d1c8,openssl,0,0.011331755
test,1421e0c584ae9120ca1b88098f13d6d2e90b83a3,openssl,1,0.08593914
test,9a0db453ba017ebcaccbee933ee6511a9ae4d1c8,openssl,0,0.0030693877
test,8af619009660b24e0b41ad26b30289eea288fcc2,spice,0,0.0024438866
test,8af619009660b24e0b41ad26b30289eea288fcc2,spice,0,0.3656265
test,77b2631c78461965bc9a7414aae206b5c514e1b3,irssi,1,0.9983026
test,d8541d7e9e63bf5f343af24644046c8d96498c17,openssl,0,0.41115522
test,ca989269a2876bae79393bd54c3e72d49975fc75,openssl,0,0.2004794
test,f9abd359f71a5bce421b9ae23432f539a067847a,accountsservice,0,0.754101
test,3c66a669dfc7b3792f7af0758ea26fe8502ce70c,openssl,0,0.019326588
test,215f894965df5fb0bb45b107d84524e700d2073c,xserver,0,0.0054799085
test,bdc20b9baf13564d9a061343416395f8f9a92b53,gstreamer,0,0.031321116
test,8af619009660b24e0b41ad26b30289eea288fcc2,spice,0,0.0021322616
test,4b22cce3812052fe64fc3f6d58d8cc884e3cb834,openssl,1,0.0074751205
test,08fa47c4850cea32c3116665975bca219fbf2fe6,postgresql,0,0.004792317
test,a004e72b95835136d3f1ea90517f706c24c03da7,openssl,1,0.9534054
test,d5fc88e573fa58b93034b04d35a2454f5d28cad9,NetworkManager,0,0.9701269
test,08fa47c4850cea32c3116665975bca219fbf2fe6,postgresql,0,0.004895881
test,53488f0275d6c8a121af49f7ac817d09ce68090d,spice,0,0.0037654138
test,d5fc88e573fa58b93034b04d35a2454f5d28cad9,NetworkManager,0,0.0028504557
test,f31011e9abfb2ae75bb32bc44e2c34194c8dc40a,FFmpeg,1,0.012576348
test,8af619009660b24e0b41ad26b30289eea288fcc2,spice,0,0.0020507434
test,f9abd359f71a5bce421b9ae23432f539a067847a,accountsservice,0,0.0030337367
test,8af619009660b24e0b41ad26b30289eea288fcc2,spice,0,0.0040939585
test,215f894965df5fb0bb45b107d84524e700d2073c,xserver,0,0.9468429
test,8af619009660b24e0b41ad26b30289eea288fcc2,spice,0,0.0029178553
test,bdc20b9baf13564d9a061343416395f8f9a92b53,gstreamer,0,0.0125037925
test,215f894965df5fb0bb45b107d84524e700d2073c,xserver,0,0.020984294
test,3c66a669dfc7b3792f7af0758ea26fe8502ce70c,openssl,0,0.0028560124
test,215f894965df5fb0bb45b107d84524e700d2073c,xserver,0,0.009143315
test,04178de2247e353fc095846784b9a10fefdbf890,ImageMagick,1,0.9979007
test,215f894965df5fb0bb45b107d84524e700d2073c,xserver,0,0.0049245106
test,d5fc88e573fa58b93034b04d35a2454f5d28cad9,NetworkManager,0,0.021125194
test,821a5938d100458f4d09d634041b05c860554ce0,FFmpeg,1,0.1369543
test,53488f0275d6c8a121af49f7ac817d09ce68090d,spice,0,0.0019800398
test,26213aa0e0d8dca5f36cc23f6942525224cbe9f5,accountsservice,1,0.99723166
test,9a0db453ba017ebcaccbee933ee6511a9ae4d1c8,openssl,0,0.016090874
test,bb80e9c7a798f035768260ebdadffb6eb0786178,tcmu-runner,1,0.9982993
test,53488f0275d6c8a121af49f7ac817d09ce68090d,spice,0,0.0022738955
test,2899351224fe2940aec37d7656e1e392c0fe07f0,libreswan,1,0.9761973
test,32ee5213fe64f1e10ec76c1ee861ee6f233120dd,libplist,1,0.031321116
test,8af619009660b24e0b41ad26b30289eea288fcc2,spice,0,0.0029868432
test,8af619009660b24e0b41ad26b30289eea288fcc2,spice,0,0.002560871
test,8af619009660b24e0b41ad26b30289eea288fcc2,spice,0,0.2062538
test,84986ca024462058574432b5483f4bf9136c538d,pengutronix,0,0.060031522
test,62e4506a7d4cec1c8e1ff687f6b220f6a62a57c7,openssl,1,0.99895763
test,e1b568dd2462f7cacf98f3d117936c34e2849a6b,openssl,0,0.43766576
test,53488f0275d6c8a121af49f7ac817d09ce68090d,spice,0,0.002800927
test,0f8cf3b8497dc45c010c44ed9e96518e11e19fc3,php-src,1,0.9983516
test,c394a488942387246653833359a5c94b5832674e,openssl,0,0.09001297
test,e43a0a232dbf6d3c161823c2e07c52e76227a1bc,FFmpeg,1,0.5782249
test,28a00bcd8e318da18031b2ac8778c64147cd54f9,openssl,0,0.0020667948
test,bdc20b9baf13564d9a061343416395f8f9a92b53,gstreamer,0,0.0052302782
test,08fa47c4850cea32c3116665975bca219fbf2fe6,postgresql,1,0.994615
test,f5c7f5dfbaf0d2f7d946d0fe86f08e6bcb36ed0d,openssl,1,0.9829547
test,b469da1430cdcee06e31c6251b83aede072a1ff0,libx11,1,0.5577851
test,566583e87147f774e7fc4c78b5f7e61d427e40a9,gstreamer,0,0.0052404497
test,1b4a8df38fc9ab3c089ca5765075ee53ec5bd66a,openssl,0,0.014295689
test,8af619009660b24e0b41ad26b30289eea288fcc2,spice,0,0.7684727
test,26a59d9b46574e457870197dffa802871b4c8fc7,openssl,1,0.9401336
test,08229ad838c50f644d7e928e2eef147b4308ad64,openssl,1,0.99785525
test,062d0c671a29f7c6f7dff4a2f1f35df375bbb30b,rsyslog,1,0.9512782
test,e1b568dd2462f7cacf98f3d117936c34e2849a6b,openssl,0,0.029986508
test,d8541d7e9e63bf5f343af24644046c8d96498c17,openssl,0,0.0025859366
test,8af619009660b24e0b41ad26b30289eea288fcc2,spice,0,0.0024391296
test,3c66a669dfc7b3792f7af0758ea26fe8502ce70c,openssl,0,0.004425152
test,8af619009660b24e0b41ad26b30289eea288fcc2,spice,0,0.005353647
test,84986ca024462058574432b5483f4bf9136c538d,pengutronix,0,0.08028533
test,86f8fb0e344d62454f8daf3e15236b2b59210756,openssl,0,0.8958876
test,215f894965df5fb0bb45b107d84524e700d2073c,xserver,0,0.003750789
test,215f894965df5fb0bb45b107d84524e700d2073c,xserver,0,0.035678554
test,d73cc256c8e256c32ed959456101b73ba9842f72,openssl,0,0.0052404497
test,574ce994016107ad8ab0f845a785f28d7eaa5208,pengutronix,0,0.9347534
test,8af619009660b24e0b41ad26b30289eea288fcc2,spice,0,0.003469891
test,8af619009660b24e0b41ad26b30289eea288fcc2,spice,0,0.015528713
test,76343947ada960b6269090638f5391068daee88d,openssl,0,0.0024678104
test,c5b831f21d0d29d1e517d139d9d101763f60c9a2,openssl,1,0.053799644
test,19a9cd607de73947fcfb104682f203ffe4e1f4e5,libXi,1,0.76374817
test,2ca9ab45891b6ae8e32b6c28c81eebca059cbe5d,radare2,1,0.40706822
test,76343947ada960b6269090638f5391068daee88d,openssl,0,0.042483207
test,b67581cf825940fdf52bf2e0af4330e695d724a4,xserver,1,0.98197925
test,3c66a669dfc7b3792f7af0758ea26fe8502ce70c,openssl,0,0.9875444
test,f5c7f5dfbaf0d2f7d946d0fe86f08e6bcb36ed0d,openssl,1,0.9958901
test,53488f0275d6c8a121af49f7ac817d09ce68090d,spice,0,0.002688672
test,215f894965df5fb0bb45b107d84524e700d2073c,xserver,0,0.0043994132
test,86f8fb0e344d62454f8daf3e15236b2b59210756,openssl,0,0.002487118
test,1b0fe00e2704b5e20334a16d3c9099d1ba2ef1be,openssl,1,0.3710227
test,9a0db453ba017ebcaccbee933ee6511a9ae4d1c8,openssl,0,0.003794834
test,e3abe7d7585ecc420a7cab73313216613aadad5a,ettercap,1,0.97821885
test,8af619009660b24e0b41ad26b30289eea288fcc2,spice,0,0.014145104
test,d5fc88e573fa58b93034b04d35a2454f5d28cad9,NetworkManager,0,0.07843036
test,8af619009660b24e0b41ad26b30289eea288fcc2,spice,0,0.0018712103
test,8af619009660b24e0b41ad26b30289eea288fcc2,spice,0,0.002800927
test,a1b9004b768bef606ee98d417bceb9392ceb788d,FFmpeg,1,0.96458924
test,08fa47c4850cea32c3116665975bca219fbf2fe6,postgresql,0,0.016898682
test,8af619009660b24e0b41ad26b30289eea288fcc2,spice,0,0.006026952
test,31400a673325147e1205326008e32135a78b4d8a,postgres,1,0.9983321
test,215f894965df5fb0bb45b107d84524e700d2073c,xserver,0,0.013402405
test,3c66a669dfc7b3792f7af0758ea26fe8502ce70c,openssl,0,0.020924192
test,215f894965df5fb0bb45b107d84524e700d2073c,xserver,0,0.003802225
test,53488f0275d6c8a121af49f7ac817d09ce68090d,spice,0,0.0023967307
test,28a00bcd8e318da18031b2ac8778c64147cd54f9,openssl,0,0.011755132
test,1b4a8df38fc9ab3c089ca5765075ee53ec5bd66a,openssl,0,0.101767845
test,215f894965df5fb0bb45b107d84524e700d2073c,xserver,0,0.0058881594
test,3c66a669dfc7b3792f7af0758ea26fe8502ce70c,openssl,0,0.0033309145
test,08fa47c4850cea32c3116665975bca219fbf2fe6,postgresql,0,0.004792317
test,3c66a669dfc7b3792f7af0758ea26fe8502ce70c,openssl,0,0.0029694452
test,53488f0275d6c8a121af49f7ac817d09ce68090d,spice,1,0.995488
test,08fa47c4850cea32c3116665975bca219fbf2fe6,postgresql,0,0.0033309145
test,d5fc88e573fa58b93034b04d35a2454f5d28cad9,NetworkManager,0,0.0039530895
test,08fa47c4850cea32c3116665975bca219fbf2fe6,postgresql,0,0.6334386
test,53488f0275d6c8a121af49f7ac817d09ce68090d,spice,0,0.0021657674
test,9a0db453ba017ebcaccbee933ee6511a9ae4d1c8,openssl,0,0.0021322616
test,8af619009660b24e0b41ad26b30289eea288fcc2,spice,0,0.0029694452
test,f9abd359f71a5bce421b9ae23432f539a067847a,accountsservice,0,0.014899643
test,f9abd359f71a5bce421b9ae23432f539a067847a,accountsservice,0,0.0029406727
test,8af619009660b24e0b41ad26b30289eea288fcc2,spice,0,0.0019380352
test,ca989269a2876bae79393bd54c3e72d49975fc75,openssl,1,0.9845754
test,86f8fb0e344d62454f8daf3e15236b2b59210756,openssl,1,0.6827324
test,bdc20b9baf13564d9a061343416395f8f9a92b53,gstreamer,0,0.34259903
test,215f894965df5fb0bb45b107d84524e700d2073c,xserver,0,0.01170984
test,83a4b92815ea04969d494416eaae3d4c6b338e4a#diff-c8b4b355f9b5c06d585b23138e1c185f,libtiff,1,0.1459046
test,215f894965df5fb0bb45b107d84524e700d2073c,xserver,0,0.0288983
test,819418110b6fff4a7b96f01a5d68f71df3e3b736,openssl,0,0.0051097376
test,53488f0275d6c8a121af49f7ac817d09ce68090d,spice,0,0.002673006
test,8af619009660b24e0b41ad26b30289eea288fcc2,spice,0,0.0025509123
test,ce325c60c74b0fa784f5872404b722e120e5cab0,openssl,1,0.5557517
test,9f375e7080a2c1044cd546854d0548b4bfb429d0,ImageMagick,1,0.943504
test,d73cc256c8e256c32ed959456101b73ba9842f72,openssl,0,0.07152631
test,8af619009660b24e0b41ad26b30289eea288fcc2,spice,0,0.0030515103
test,db82b8f9bd432a59aea8e1014694e15fc457c2bb,openssl,1,0.24889913
test,d8541d7e9e63bf5f343af24644046c8d96498c17,openssl,0,0.003305079
test,1b4a8df38fc9ab3c089ca5765075ee53ec5bd66a,openssl,0,0.010150015
test,78ce088843d59d4494965bfc40b30a2e63d065f6,NetworkManager,0,0.0047000605
test,d73cc256c8e256c32ed959456101b73ba9842f72,openssl,0,0.00674499
test,8af619009660b24e0b41ad26b30289eea288fcc2,spice,0,0.0024107816
test,08fa47c4850cea32c3116665975bca219fbf2fe6,postgresql,0,0.012600626
test,08fa47c4850cea32c3116665975bca219fbf2fe6,postgresql,0,0.0055982484
test,bdc20b9baf13564d9a061343416395f8f9a92b53,gstreamer,0,0.008030813
test,08fa47c4850cea32c3116665975bca219fbf2fe6,postgresql,0,0.0043653254
test,8af619009660b24e0b41ad26b30289eea288fcc2,spice,0,0.002895214
test,31400a673325147e1205326008e32135a78b4d8a,postgres,1,0.9982351
test,cc598f321fbac9c04da5766243ed55d55948637d,openssl,1,0.47807193
test,bdc20b9baf13564d9a061343416395f8f9a92b53,gstreamer,0,0.0140771745
test,215f894965df5fb0bb45b107d84524e700d2073c,xserver,0,0.014517545
test,aa84944b405acebbeefe871d0f64969b9e9f31ac,ImageMagick,1,0.44938132
test,6eb13f7a2dcf391ec9e19b4c2a79e68305f63c22,virglrenderer,1,0.85675234
test,e96fc4fdd525fa0ede28074a7e2b1caf94b58b0d,jasper,1,0.99865675
test,8af619009660b24e0b41ad26b30289eea288fcc2,spice,0,0.0030574577
test,454a11a1c9c686c78aa97954306fb63453299760,FFmpeg,1,0.11299101
test,f9abd359f71a5bce421b9ae23432f539a067847a,accountsservice,0,0.15642679
test,9a0db453ba017ebcaccbee933ee6511a9ae4d1c8,openssl,0,0.044348583
test,215f894965df5fb0bb45b107d84524e700d2073c,xserver,0,0.0075919423
test,53488f0275d6c8a121af49f7ac817d09ce68090d,spice,0,0.0023967307
test,86f8fb0e344d62454f8daf3e15236b2b59210756,openssl,0,0.0024249142
test,8af619009660b24e0b41ad26b30289eea288fcc2,spice,0,0.0083967
test,08fa47c4850cea32c3116665975bca219fbf2fe6,postgresql,0,0.004198795
test,08fa47c4850cea32c3116665975bca219fbf2fe6,postgresql,0,0.026180504
test,53488f0275d6c8a121af49f7ac817d09ce68090d,spice,0,0.0022738955
test,c394a488942387246653833359a5c94b5832674e,openssl,0,0.03825006
test,899a5d9f0ed13b8e32449a08a361e0de127dd961,libxml2,1,0.98421544
test,8af619009660b24e0b41ad26b30289eea288fcc2,spice,0,0.002730897
test,a676f235309a59d4aa78eeffd2574ae5d341fcb0,raptor,1,0.014587568
test,8af619009660b24e0b41ad26b30289eea288fcc2,spice,1,0.9980732
test,86f8fb0e344d62454f8daf3e15236b2b59210756,openssl,0,0.0026782178
test,78ce088843d59d4494965bfc40b30a2e63d065f6,NetworkManager,0,0.018761085
test,5511ef530576ed18fd636baa3bb4eda3d667665d,ImageMagick,1,0.9777139
test,08fa47c4850cea32c3116665975bca219fbf2fe6,postgresql,0,0.0037289574
test,77c77f0a1b9f15b869ca3342186dfbedd1119d0e,openssl,0,0.0040780627
test,08fa47c4850cea32c3116665975bca219fbf2fe6,postgresql,0,0.0039148238
test,f9abd359f71a5bce421b9ae23432f539a067847a,accountsservice,0,0.003907215
test,53488f0275d6c8a121af49f7ac817d09ce68090d,spice,0,0.00212811
test,8af619009660b24e0b41ad26b30289eea288fcc2,spice,0,0.0028839593
test,28a00bcd8e318da18031b2ac8778c64147cd54f9,openssl,0,0.002095186
test,b2d0e6f92310bb14a15aa2f8e96e1fb5379776dd,monkey,1,0.9959771
test,cd30f03ac5bf2962f44bd02ae8d88245dff2f12c,openssl,1,0.9964064
test,8af619009660b24e0b41ad26b30289eea288fcc2,spice,0,0.0036642202
test,08fa47c4850cea32c3116665975bca219fbf2fe6,postgresql,0,0.005291605
test,3f627e580acfdaf0595ae3b115b8bec677f203ee?w=1,php-src,1,0.0048391186
test,bdc20b9baf13564d9a061343416395f8f9a92b53,gstreamer,0,0.0026678042
test,859b08d523307eebde7724fd1a0789c44813e821,xserver,1,0.9975032
test,7ab66cca5bbdf6cb2d69339ef4f513d95e532dbf,radare2,1,0.9987306
test,ca989269a2876bae79393bd54c3e72d49975fc75,openssl,0,0.0028449094
test,7e80b63ecd259d69d383623e75b318bf2bd491f6,FFmpeg,1,0.9891187
test,215f894965df5fb0bb45b107d84524e700d2073c,xserver,0,0.65967923
test,78ce088843d59d4494965bfc40b30a2e63d065f6,NetworkManager,0,0.003510649
test,78ce088843d59d4494965bfc40b30a2e63d065f6,NetworkManager,0,0.045862667
test,08fa47c4850cea32c3116665975bca219fbf2fe6,postgresql,0,0.008478402
test,574ce994016107ad8ab0f845a785f28d7eaa5208,pengutronix,0,0.008315779
test,ebc71865f0506a293242bd4aec97cdc7a8ef24b0,openssl,0,0.15121572
test,53488f0275d6c8a121af49f7ac817d09ce68090d,spice,0,0.0026626128
test,53488f0275d6c8a121af49f7ac817d09ce68090d,spice,0,0.0033179715
test,08fa47c4850cea32c3116665975bca219fbf2fe6,postgresql,0,0.056288198
test,e43a0a232dbf6d3c161823c2e07c52e76227a1bc,FFmpeg,1,0.4305102
test,d15795acd5074e0b44e71f7ede8bdfe1b48591fc,mbedtls,1,0.6494675
test,9d00fb9d70ee8c0cc7002b89318c5be00f1bbdad,FFmpeg,1,0.008124709
test,c597156adc60a45b5f827793cd420945f47bc03b,atheme,1,0.7600278
test,f6aef68089221c5ea047d4a74224ee3deead99a6?w=1,php-src,1,0.9907499
test,8af619009660b24e0b41ad26b30289eea288fcc2,spice,0,0.002282775
test,76343947ada960b6269090638f5391068daee88d,openssl,0,0.006551524
test,53488f0275d6c8a121af49f7ac817d09ce68090d,spice,0,0.0027149853
test,e1c5050734123973b99d181c45e74b2cbb00272e,cgminer,1,0.924347
test,6ba44b91e37622ef8c146d8f2ac92d708a18ed34,xserver,1,0.98197925
test,f9abd359f71a5bce421b9ae23432f539a067847a,accountsservice,0,0.18484107
test,c57997e76ec70862174a1b3b3aeb62a6f8570e85,radare2,1,0.93127525
test,6235f1f7a9f7b0f83b197f6cd0073dbb6602d0fb,ImageMagick,1,0.9882902
test,f9abd359f71a5bce421b9ae23432f539a067847a,accountsservice,0,0.002872748
test,53488f0275d6c8a121af49f7ac817d09ce68090d,spice,0,0.004133968
test,f9abd359f71a5bce421b9ae23432f539a067847a,accountsservice,0,0.9878996
test,215f894965df5fb0bb45b107d84524e700d2073c,xserver,0,0.0032476767
test,574ce994016107ad8ab0f845a785f28d7eaa5208,pengutronix,0,0.9988236
test,58cf31cee7a456057f337b3102a03206d833d5e8,FFmpeg,1,0.026056305
test,859084b4fd966ac007965c3d85caabccd8aee9b4,ImageMagick,1,0.9505947
test,215f894965df5fb0bb45b107d84524e700d2073c,xserver,0,0.06500874
test,08fa47c4850cea32c3116665975bca219fbf2fe6,postgresql,0,0.0045032725
test,76343947ada960b6269090638f5391068daee88d,openssl,0,0.004174367
test,fa7438a0ff4033e4741c807394a9af6207940d71,libarchive,1,0.9982522
test,76343947ada960b6269090638f5391068daee88d,openssl,0,0.004030743
test,53488f0275d6c8a121af49f7ac817d09ce68090d,spice,0,0.0026061658
test,8af619009660b24e0b41ad26b30289eea288fcc2,spice,0,0.0025809042
test,8af619009660b24e0b41ad26b30289eea288fcc2,spice,0,0.00324136
test,76401e172ea3a55182be2b8e2aca4d07270f6da6,ImageMagick,1,0.53128535
test,08fa47c4850cea32c3116665975bca219fbf2fe6,postgresql,0,0.004736749
test,a676f235309a59d4aa78eeffd2574ae5d341fcb0,raptor,1,0.007080118
test,53488f0275d6c8a121af49f7ac817d09ce68090d,spice,0,0.0024968276
test,8af619009660b24e0b41ad26b30289eea288fcc2,spice,0,0.0026112478
test,215f894965df5fb0bb45b107d84524e700d2073c,xserver,0,0.0039148238
test,d8541d7e9e63bf5f343af24644046c8d96498c17,openssl,0,0.016121823
test,9a0db453ba017ebcaccbee933ee6511a9ae4d1c8,openssl,0,0.0029178553
test,8af619009660b24e0b41ad26b30289eea288fcc2,spice,0,0.00674499
test,215f894965df5fb0bb45b107d84524e700d2073c,xserver,0,0.015232935
test,fdad1406b3ec809f4954ff7cdf9e99eb18c2458f,pigz,1,0.7909343
test,53488f0275d6c8a121af49f7ac817d09ce68090d,spice,0,0.0019267347
test,2d1c0dea5f6b91bec7f5fa53ec050913d851e366,libav,1,0.105210535
test,f9abd359f71a5bce421b9ae23432f539a067847a,accountsservice,0,0.17349817
test,819418110b6fff4a7b96f01a5d68f71df3e3b736,openssl,0,0.0055333874
test,574ce994016107ad8ab0f845a785f28d7eaa5208,pengutronix,0,0.9975321
test,76343947ada960b6269090638f5391068daee88d,openssl,0,0.12608409
test,c0334c2c92dd1bc3ad8138ba6e74006c3631b0f9,openssl,0,0.009376238
test,31400a673325147e1205326008e32135a78b4d8a,postgres,1,0.37550604
test,31400a673325147e1205326008e32135a78b4d8a,postgres,1,0.99826247
test,280b1f1ad12131defcd986676a8fc9717aaa601b,openssl,1,0.9401336
test,c0334c2c92dd1bc3ad8138ba6e74006c3631b0f9,openssl,1,0.99491006
test,53488f0275d6c8a121af49f7ac817d09ce68090d,spice,0,0.73335636
test,65000a7fd9eea62359e6d6714f17b94a99a82edd,radare2,1,0.99767226
test,20ce2fe8e3c211a42fee05a461a5881be9a8790e?w=1,php-src,1,0.61916184
test,a676f235309a59d4aa78eeffd2574ae5d341fcb0,raptor,1,0.87763417
test,35ceea928b12373a3b1e3eecdc32ed323223a40d,php-src,1,0.9987527
test,8af619009660b24e0b41ad26b30289eea288fcc2,spice,0,0.0022694685
test,78ce088843d59d4494965bfc40b30a2e63d065f6,NetworkManager,0,0.006133176
test,f9abd359f71a5bce421b9ae23432f539a067847a,accountsservice,0,0.07730841
test,53488f0275d6c8a121af49f7ac817d09ce68090d,spice,0,0.0023141266
test,8af619009660b24e0b41ad26b30289eea288fcc2,spice,0,0.0045916834
test,83d799804648c2a0895d40a19835d9b757c6fa4e,yara,1,0.99153805
test,b1d6d55ece1c26fa2829e2b819b038d7b6d692b4,openssl,1,0.014756983
test,8af619009660b24e0b41ad26b30289eea288fcc2,spice,0,0.014309457
test,103b171d8fc282ef435f8de9afbf7782e312961f,openssl,1,0.9986436
test,626dc56686f15f2dda13c48f78c2a666cb6d8506,ettercap,1,0.99158704
test,8af619009660b24e0b41ad26b30289eea288fcc2,spice,0,0.0033179715
test,86f8fb0e344d62454f8daf3e15236b2b59210756,openssl,0,0.003524341
test,f5da52e308a6aeea6d5f3df98c4da295d7e9cc27,openssl,1,0.48387703
test,215f894965df5fb0bb45b107d84524e700d2073c,xserver,0,0.008203786
test,4ad93618d26a3ea23d36ad5498ff4f59eff3a4d2,openssl,1,0.9851003
test,a14fdb9746262549bbbb96abb87338bacd147e1b?w=1,php-src,1,0.71318203
test,8af619009660b24e0b41ad26b30289eea288fcc2,spice,0,0.0027954772
test,08fa47c4850cea32c3116665975bca219fbf2fe6,postgresql,0,0.0029636684
test,215f894965df5fb0bb45b107d84524e700d2073c,xserver,0,0.004054334
test,08fa47c4850cea32c3116665975bca219fbf2fe6,postgresql,0,0.0038244838
test,76343947ada960b6269090638f5391068daee88d,openssl,0,0.0025859366
test,126c7c98ea788241922c30df4a5633ea692cf8df,ImageMagick,1,0.98986953
test,9a0db453ba017ebcaccbee933ee6511a9ae4d1c8,openssl,0,0.010052368
test,bdc20b9baf13564d9a061343416395f8f9a92b53,gstreamer,0,0.082180254
test,83a4b92815ea04969d494416eaae3d4c6b338e4a#diff-c8b4b355f9b5c06d585b23138e1c185f,libtiff,1,0.1869842
test,1b4a8df38fc9ab3c089ca5765075ee53ec5bd66a,openssl,1,0.023689471
test,3a55ddd3c4c11ce75a86afbefd085d8d397ff957,libplist,1,0.04885778
test,215f894965df5fb0bb45b107d84524e700d2073c,xserver,0,0.07204688
test,cad5a1050b7184d828aef9c1dd151c3ab649d37e,xserver,1,0.99600047
test,1b4a8df38fc9ab3c089ca5765075ee53ec5bd66a,openssl,0,0.02590802
test,215f894965df5fb0bb45b107d84524e700d2073c,xserver,0,0.13701203
test,1632ef744872edc2aa2a53d487d3e79c965a4ad3,openssl,1,0.027376488
test,08fa47c4850cea32c3116665975bca219fbf2fe6,postgresql,0,0.64704585
test,560e6e512961008938aa1d1b9aab06347b1c8f9b,ImageMagick,1,0.97958976
test,8c2ea3030af7b40a3c4275696fb5c76cdb80950a,FFmpeg,1,0.74223495
test,f9abd359f71a5bce421b9ae23432f539a067847a,accountsservice,0,0.014629741
test,08fa47c4850cea32c3116665975bca219fbf2fe6,postgresql,0,0.00569696
test,c67d275803dc6ea22c558d06b1f7ba9f94cd8de3,shadowsocks-libev,1,0.9972584
test,f9abd359f71a5bce421b9ae23432f539a067847a,accountsservice,0,0.98394
test,53488f0275d6c8a121af49f7ac817d09ce68090d,spice,0,0.0025409926
test,3c66a669dfc7b3792f7af0758ea26fe8502ce70c,openssl,0,0.99253935
test,9a0db453ba017ebcaccbee933ee6511a9ae4d1c8,openssl,0,0.004433765
test,8985ed08f01d465ee65ab5a106186b3868b6f601,ImageMagick,1,0.9971717
test,b95f25af141d33a65f6f821ea9c003f66a01e1f1,xserver,0,0.010348136
test,d9cd01ede97f4145af9781d448c62a3318952719,memcached,1,0.4983978
test,0bfb970f43acd1e81d11be1154805f86655f15d5?w=1,php-src,1,0.37132183
test,53488f0275d6c8a121af49f7ac817d09ce68090d,spice,0,0.008156249
test,bdc20b9baf13564d9a061343416395f8f9a92b53,gstreamer,0,0.0028671587
test,55caa8b08c84af2b50fbc936cf334a5a93dd7db5,xserver,1,0.9846051
test,062d0c671a29f7c6f7dff4a2f1f35df375bbb30b,rsyslog,1,0.9962638
test,574ce994016107ad8ab0f845a785f28d7eaa5208,pengutronix,0,0.00795339
test,6e629b5be45face20b4ca71c4fcbfed78b864a2e,openssl,1,0.008577485
test,86f8fb0e344d62454f8daf3e15236b2b59210756,openssl,0,0.9820999
test,d8541d7e9e63bf5f343af24644046c8d96498c17,openssl,0,0.0035657363
test,215f894965df5fb0bb45b107d84524e700d2073c,xserver,0,0.005641909
test,53488f0275d6c8a121af49f7ac817d09ce68090d,spice,0,0.0066411127
test,b88393f08a558eec14964a55d3c680fe67407712?w=1,php-src,1,0.99486035
test,8af619009660b24e0b41ad26b30289eea288fcc2,spice,0,0.003305079
test,bdc20b9baf13564d9a061343416395f8f9a92b53,gstreamer,0,0.003802225
test,53488f0275d6c8a121af49f7ac817d09ce68090d,spice,0,0.0038769261
test,08fa47c4850cea32c3116665975bca219fbf2fe6,postgresql,0,0.004248079
test,53488f0275d6c8a121af49f7ac817d09ce68090d,spice,0,0.0029868432
test,d5fc88e573fa58b93034b04d35a2454f5d28cad9,NetworkManager,0,0.0033374047
test,215f894965df5fb0bb45b107d84524e700d2073c,xserver,0,0.008677717
test,3c66a669dfc7b3792f7af0758ea26fe8502ce70c,openssl,1,0.98524296
test,28a00bcd8e318da18031b2ac8778c64147cd54f9,openssl,0,0.0025409926
test,e43a0a232dbf6d3c161823c2e07c52e76227a1bc,FFmpeg,1,0.06705628
test,215f894965df5fb0bb45b107d84524e700d2073c,xserver,0,0.91173136
test,31400a673325147e1205326008e32135a78b4d8a,postgres,1,0.7709825
test,08fa47c4850cea32c3116665975bca219fbf2fe6,postgresql,0,0.008140463
test,bdc20b9baf13564d9a061343416395f8f9a92b53,gstreamer,0,0.042403832
test,d9544bcc44adcef769cbdf7f6453e140058a3adc,gstreamer,0,0.00577493
test,61bd03e600d2abf309173e9186f4d465bb1b7157,tcmu-runner,1,0.042842176
test,31400a673325147e1205326008e32135a78b4d8a,postgres,1,0.99805814
test,53488f0275d6c8a121af49f7ac817d09ce68090d,spice,0,0.015739111
test,08fa47c4850cea32c3116665975bca219fbf2fe6,postgresql,0,0.0031175725
test,1c77f7a869bdea2a34799d774460d1f9983d45f0,linux-nfs,0,0.07068779
test,a004e72b95835136d3f1ea90517f706c24c03da7,openssl,1,0.92892635
test,53488f0275d6c8a121af49f7ac817d09ce68090d,spice,0,0.0020229532
test,86f8fb0e344d62454f8daf3e15236b2b59210756,openssl,0,0.0030515103
test,d8541d7e9e63bf5f343af24644046c8d96498c17,openssl,0,0.0025114636
test,ca989269a2876bae79393bd54c3e72d49975fc75,openssl,0,0.025809621
test,8af619009660b24e0b41ad26b30289eea288fcc2,spice,0,0.3696848
test,215f894965df5fb0bb45b107d84524e700d2073c,xserver,0,0.031648684
test,4ad93618d26a3ea23d36ad5498ff4f59eff3a4d2,openssl,1,0.99196917
test,6a7cc8ff85827fa9ac715b3a83c2d9147f33cd43?w=1,php-src,1,0.019382192
test,76343947ada960b6269090638f5391068daee88d,openssl,0,0.14276887
test,53488f0275d6c8a121af49f7ac817d09ce68090d,spice,0,0.013133923
test,86f8fb0e344d62454f8daf3e15236b2b59210756,openssl,0,0.0024822766
test,53488f0275d6c8a121af49f7ac817d09ce68090d,spice,0,0.0023550675
test,215f894965df5fb0bb45b107d84524e700d2073c,xserver,0,0.0074317735
test,08fa47c4850cea32c3116665975bca219fbf2fe6,postgresql,0,0.007176882
test,08fa47c4850cea32c3116665975bca219fbf2fe6,postgresql,0,0.005353647
test,76343947ada960b6269090638f5391068daee88d,openssl,0,0.0027044294
test,f9abd359f71a5bce421b9ae23432f539a067847a,accountsservice,0,0.01712732
test,08fa47c4850cea32c3116665975bca219fbf2fe6,postgresql,0,0.011093567
test,77b2631c78461965bc9a7414aae206b5c514e1b3,irssi,1,0.9958418
test,3c66a669dfc7b3792f7af0758ea26fe8502ce70c,openssl,0,0.06418265
test,08fa47c4850cea32c3116665975bca219fbf2fe6,postgresql,0,0.0051998803
test,31400a673325147e1205326008e32135a78b4d8a,postgres,1,0.998835
test,76343947ada960b6269090638f5391068daee88d,openssl,0,0.0029178553
test,bdc20b9baf13564d9a061343416395f8f9a92b53,gstreamer,0,0.0031236487
test,6c88c71b4e4825c7bc0489306d062d017634eb88,openssl,1,0.99749833
test,84986ca024462058574432b5483f4bf9136c538d,pengutronix,0,0.42713532
test,08fa47c4850cea32c3116665975bca219fbf2fe6,postgresql,0,0.47403005
test,78ce088843d59d4494965bfc40b30a2e63d065f6,NetworkManager,0,0.0053640567
test,c3c7fb07dc975dc3c9de0eddb7d8fd79fc9c67c1,openssl,0,0.0029008577
test,2b0532f3984324ebe1236a63d15893792384328d,openssl,1,0.99746394
test,878e2c5b13010329c203f309ed0c8f2113f85648,openssl,1,0.99850464
test,574ce994016107ad8ab0f845a785f28d7eaa5208,pengutronix,0,0.9783226
test,cad5a1050b7184d828aef9c1dd151c3ab649d37e,xserver,1,0.9964619
test,08fa47c4850cea32c3116665975bca219fbf2fe6,postgresql,0,0.0025909792
test,66e8211c0b1347970096e04b18aa52567c325200,openssl,0,0.15121572
test,48f67f60967f963b698ec8df57ec6912a43d6282,virglrenderer,1,0.6565757
test,8af619009660b24e0b41ad26b30289eea288fcc2,spice,0,0.014545513
test,8af619009660b24e0b41ad26b30289eea288fcc2,spice,0,0.002828336
test,08fa47c4850cea32c3116665975bca219fbf2fe6,postgresql,0,0.008348054
test,8af619009660b24e0b41ad26b30289eea288fcc2,spice,0,0.0021198308
test,31400a673325147e1205326008e32135a78b4d8a,postgres,1,0.9967524
test,a5d849b149ca67ced2d271dc84db0bc95a548abb,FFmpeg,1,0.99459416
test,a14fdb9746262549bbbb96abb87338bacd147e1b?w=1,php-src,1,0.99454135
test,c394a488942387246653833359a5c94b5832674e,openssl,0,0.9402983
test,53488f0275d6c8a121af49f7ac817d09ce68090d,spice,0,0.002463007
test,8af619009660b24e0b41ad26b30289eea288fcc2,spice,0,0.010590936
test,fb0bc2b273bcc2d5401dd883fe869af4fc74bb21,openssl,1,0.88263035
test,7fd4ce6a997be5f5c9e744ac527725c2850de203,openssl,1,0.9425596
test,53488f0275d6c8a121af49f7ac817d09ce68090d,spice,0,0.002631674
test,aa84944b405acebbeefe871d0f64969b9e9f31ac,ImageMagick,1,0.11441799
test,22e0310345499ffe906c604428f2a3a668942b05,ImageMagick,1,0.9748452
test,08fa47c4850cea32c3116665975bca219fbf2fe6,postgresql,0,0.21559837
test,3c66a669dfc7b3792f7af0758ea26fe8502ce70c,openssl,0,0.74120593
test,76343947ada960b6269090638f5391068daee88d,openssl,0,0.088978484
test,28a00bcd8e318da18031b2ac8778c64147cd54f9,openssl,0,0.002463007
test,8af619009660b24e0b41ad26b30289eea288fcc2,spice,0,0.9035498
test,b15f8769644b00ef7283521593360b7b2135cb63,openssl,1,0.997065
test,76343947ada960b6269090638f5391068daee88d,openssl,0,0.007725534
test,8caed4df36b1f802b4992edcfd282cbeeec35d9d,xserver,0,0.6788062
test,8af619009660b24e0b41ad26b30289eea288fcc2,spice,0,0.0025960316
test,215f894965df5fb0bb45b107d84524e700d2073c,xserver,0,0.004600619
test,34628967f1e65dc8f34e000f0f5518e21afbfc7b,openssl,1,0.9883128
test,5c080298d59efa53264d7248bbe3a04660db6ef7,libtiff,1,0.99886864
test,ca989269a2876bae79393bd54c3e72d49975fc75,openssl,0,0.0038170498
test,53488f0275d6c8a121af49f7ac817d09ce68090d,spice,0,0.0027255828
test,3c66a669dfc7b3792f7af0758ea26fe8502ce70c,openssl,0,0.029986508
test,bdc20b9baf13564d9a061343416395f8f9a92b53,gstreamer,0,0.0043230867
test,215f894965df5fb0bb45b107d84524e700d2073c,xserver,0,0.0055441465
test,e1c5050734123973b99d181c45e74b2cbb00272e,cgminer,1,0.07369627
test,76343947ada960b6269090638f5391068daee88d,openssl,0,0.0025509123
test,574ce994016107ad8ab0f845a785f28d7eaa5208,pengutronix,0,0.3742045
test,5c080298d59efa53264d7248bbe3a04660db6ef7,libtiff,1,0.9986878
test,d9544bcc44adcef769cbdf7f6453e140058a3adc,gstreamer,0,0.0062412596
test,215f894965df5fb0bb45b107d84524e700d2073c,xserver,0,0.0027791907
test,31400a673325147e1205326008e32135a78b4d8a,postgres,1,0.9967013
test,f9abd359f71a5bce421b9ae23432f539a067847a,accountsservice,0,0.9743129
test,08fa47c4850cea32c3116665975bca219fbf2fe6,postgresql,0,0.0034162789
test,8af619009660b24e0b41ad26b30289eea288fcc2,spice,0,0.0022256707
test,8c29f1607a31dac0911e45a0dd3d74173822b3c9,libx11,1,0.99835473
test,08fa47c4850cea32c3116665975bca219fbf2fe6,postgresql,0,0.051082738
test,fb58e69a84f4fde603a630d2c9df2fa3be16d846,php-src,1,0.008577485
test,857e40f3d2bc2cfb714913e0cd7e6184cf69aca3,pixman,1,0.11521199
test,84986ca024462058574432b5483f4bf9136c538d,pengutronix,0,0.009540925
test,53488f0275d6c8a121af49f7ac817d09ce68090d,spice,1,0.9953544
test,e1b568dd2462f7cacf98f3d117936c34e2849a6b,openssl,0,0.89358836
test,574ce994016107ad8ab0f845a785f28d7eaa5208,pengutronix,0,0.9811488
test,8af619009660b24e0b41ad26b30289eea288fcc2,spice,0,0.0024014052
test,08fa47c4850cea32c3116665975bca219fbf2fe6,postgresql,0,0.0043738233
test,5b814481f3573fa9677f3a31ee51322e2a22ee6a,openssl,1,0.018635655
test,76343947ada960b6269090638f5391068daee88d,openssl,1,0.007025408
test,d81a1600588b726c2bdccda7efad3cc7a87d6245,openssl,1,0.9347534
test,737c3350850ca4dbc5633b3bdb4118176ce59920,virglrenderer,1,0.9980544
test,e371f031b942d73e02c090170975561fabd5c264,FFmpeg,1,0.99712163
test,215f894965df5fb0bb45b107d84524e700d2073c,xserver,0,0.18206169
test,6939eab03a6e23d2bd2c3f5e34fe1d48e542e787,openssl,1,0.8101787
test,31400a673325147e1205326008e32135a78b4d8a,postgres,1,0.41878977
test,819418110b6fff4a7b96f01a5d68f71df3e3b736,openssl,0,0.7474317
test,215f894965df5fb0bb45b107d84524e700d2073c,xserver,0,0.002872748
test,9a0db453ba017ebcaccbee933ee6511a9ae4d1c8,openssl,0,0.002673006
test,08fa47c4850cea32c3116665975bca219fbf2fe6,postgresql,0,0.0026991665
test,53488f0275d6c8a121af49f7ac817d09ce68090d,spice,0,0.0030219448
test,215f894965df5fb0bb45b107d84524e700d2073c,xserver,0,0.5023346
test,8af619009660b24e0b41ad26b30289eea288fcc2,spice,0,0.0025459477
test,c4cca4c20e75359c9a13a1f9a36cb7b4e9601d29?w=1,php-src,1,0.014856703
test,83a4b92815ea04969d494416eaae3d4c6b338e4a#diff-c8b4b355f9b5c06d585b23138e1c185f,libtiff,1,0.019014435
test,5ad9d8016fbb60109302d558f7edb2cb2a3bb8e3,libtiff,1,0.98685336
test,574ce994016107ad8ab0f845a785f28d7eaa5208,pengutronix,0,0.34698373
test,574ce994016107ad8ab0f845a785f28d7eaa5208,pengutronix,0,0.468517
test,53488f0275d6c8a121af49f7ac817d09ce68090d,spice,0,0.0075333063
test,c3c39f7f8a11f612c4ebf7affce25ec6928eb1cb,rufus,1,0.7412528
test,08fa47c4850cea32c3116665975bca219fbf2fe6,postgresql,0,0.11920292
test,72dbb7f416160f490c4e9987040989a10ad431c7?w=1,php-src,1,0.99837387
test,8af619009660b24e0b41ad26b30289eea288fcc2,spice,0,0.04111437
test,cd30f03ac5bf2962f44bd02ae8d88245dff2f12c,openssl,1,0.99876726
test,9a0db453ba017ebcaccbee933ee6511a9ae4d1c8,openssl,0,0.0025859366
test,ca989269a2876bae79393bd54c3e72d49975fc75,openssl,0,0.00462753
test,bdc20b9baf13564d9a061343416395f8f9a92b53,gstreamer,0,0.9945201
test,d0666f289ac013094bbbf547bfbcd616199b7d2d,openssl,0,0.063134894
test,53488f0275d6c8a121af49f7ac817d09ce68090d,spice,0,0.020984294
test,7ec414892ddcad88313848494b6fc5f437c9ca4a,FFmpeg,1,0.9966299
test,215f894965df5fb0bb45b107d84524e700d2073c,xserver,0,0.0029121784
test,3c66a669dfc7b3792f7af0758ea26fe8502ce70c,openssl,0,0.002157342
test,53488f0275d6c8a121af49f7ac817d09ce68090d,spice,0,0.0046365354
test,8af619009660b24e0b41ad26b30289eea288fcc2,spice,0,0.0025558867
test,f9abd359f71a5bce421b9ae23432f539a067847a,accountsservice,0,0.0028671587
test,76343947ada960b6269090638f5391068daee88d,openssl,0,0.8811555
test,215f894965df5fb0bb45b107d84524e700d2073c,xserver,0,0.044018652
test,d8541d7e9e63bf5f343af24644046c8d96498c17,openssl,0,0.6036544
test,b6f13a5ef9d6280cf984826a5de012a32c396cd4?w=1,php-src,1,0.011619771
test,d8541d7e9e63bf5f343af24644046c8d96498c17,openssl,0,0.7447491
test,8af619009660b24e0b41ad26b30289eea288fcc2,spice,0,0.0053744875
test,08fa47c4850cea32c3116665975bca219fbf2fe6,postgresql,1,0.9960699
test,215f894965df5fb0bb45b107d84524e700d2073c,xserver,0,0.018264279
test,396240cf070a806b91fea81131d034e1399af1e0,openafs,1,0.98552436
test,f9abd359f71a5bce421b9ae23432f539a067847a,accountsservice,0,0.97494066
test,f9abd359f71a5bce421b9ae23432f539a067847a,accountsservice,0,0.0033179715
test,1ea23bd6040441a21fbcfba69dce9a01af03f989,radare2,1,0.4703413
test,8312e3fc9041027a33c8bc667bb99740fdf41dd5,FFmpeg,1,0.9231778
test,a7a44ba55cb4f884c6bc9ceac90072dea38e66d0,openssl,1,0.9987551
test,08fa47c4850cea32c3116665975bca219fbf2fe6,postgresql,0,0.24189211
test,e1c5050734123973b99d181c45e74b2cbb00272e,cgminer,1,0.025565213
test,53488f0275d6c8a121af49f7ac817d09ce68090d,spice,0,0.0024438866
test,08fa47c4850cea32c3116665975bca219fbf2fe6,postgresql,0,0.0067058485
test,153a8ae752c90d07190ef45803422a4f71ea8bff,gstreamer,1,0.00362874
test,08fa47c4850cea32c3116665975bca219fbf2fe6,postgresql,0,0.003209961
test,8af619009660b24e0b41ad26b30289eea288fcc2,spice,0,0.986904
test,8af619009660b24e0b41ad26b30289eea288fcc2,spice,0,0.0021074724
test,07908124838afcc99c577d1d3e84cef2dbd39cb7,dosfstools,1,0.99448806
test,08fa47c4850cea32c3116665975bca219fbf2fe6,postgresql,0,0.0044423942
test,86f8fb0e344d62454f8daf3e15236b2b59210756,openssl,0,0.13788036
test,f9abd359f71a5bce421b9ae23432f539a067847a,accountsservice,0,0.003178866
test,08fa47c4850cea32c3116665975bca219fbf2fe6,postgresql,0,0.009689717
test,a004e72b95835136d3f1ea90517f706c24c03da7,openssl,1,0.99420255
test,2b0532f3984324ebe1236a63d15893792384328d,openssl,1,0.6236634
test,ad55822430a03fe075221b543efb434567e9e431,radare2,1,0.99907815
test,e477f09d0b3619f3d29173b2cd593e17e2d1978e,FFmpeg,1,0.99776995
test,215f894965df5fb0bb45b107d84524e700d2073c,xserver,0,0.0038170498
test,76343947ada960b6269090638f5391068daee88d,openssl,0,0.84581506
test,10ef1dca63d62433fda13309b4a228782db823f7,libgd,1,0.4280242
test,f5da52e308a6aeea6d5f3df98c4da295d7e9cc27,openssl,1,0.013376605
test,c395c6e5d7e8df37a21265ff76e48fe75ceb5ae6?w=1,php-src,1,0.99806195
test,08fa47c4850cea32c3116665975bca219fbf2fe6,postgresql,0,0.0036216853
test,2960576378d17d71cc8dccc926352ce568b5eec1,FFmpeg,1,0.9861514
test,53488f0275d6c8a121af49f7ac817d09ce68090d,spice,0,0.003135836
test,f9abd359f71a5bce421b9ae23432f539a067847a,accountsservice,1,0.91117966
test,215f894965df5fb0bb45b107d84524e700d2073c,xserver,0,0.008140463
test,3c66a669dfc7b3792f7af0758ea26fe8502ce70c,openssl,0,0.9508692
test,d8541d7e9e63bf5f343af24644046c8d96498c17,openssl,0,0.0023276936
test,8af619009660b24e0b41ad26b30289eea288fcc2,spice,0,0.006666932
test,94f6955fbaee6fda9385a23e505497efe21f5b4f,libssh,1,0.9975177
test,08fa47c4850cea32c3116665975bca219fbf2fe6,postgresql,0,0.023666894
test,b19d8143212ae5fbc9cebfd51c01f802fabccd33,openssl,0,0.9602495
test,819418110b6fff4a7b96f01a5d68f71df3e3b736,openssl,0,0.0027362213
test,8af619009660b24e0b41ad26b30289eea288fcc2,spice,0,0.002458213
test,9a0db453ba017ebcaccbee933ee6511a9ae4d1c8,openssl,0,0.0043738233
test,ca989269a2876bae79393bd54c3e72d49975fc75,openssl,0,0.004198795
test,01843366d6a7b96e22ad7bb67f3df7d9fd4d5d74,ImageMagick,1,0.07172112
test,819418110b6fff4a7b96f01a5d68f71df3e3b736,openssl,0,0.0031603528
test,53488f0275d6c8a121af49f7ac817d09ce68090d,spice,0,0.0023231625
test,81c8ef785b079980ad5b46be4fe7c7bf156dbf65,harfbuzz,1,0.992837
test,8af619009660b24e0b41ad26b30289eea288fcc2,spice,0,0.53660125
test,1b4a8df38fc9ab3c089ca5765075ee53ec5bd66a,openssl,0,0.02442309
test,9cb4eb772839c5e1de2855d126bf74ff16d13382,FFmpeg,1,0.4317283
test,53488f0275d6c8a121af49f7ac817d09ce68090d,spice,0,0.011869121
test,08fa47c4850cea32c3116665975bca219fbf2fe6,postgresql,0,0.050940912
test,215f894965df5fb0bb45b107d84524e700d2073c,xserver,0,0.014517545
test,3c66a669dfc7b3792f7af0758ea26fe8502ce70c,openssl,0,0.996108
test,3c66a669dfc7b3792f7af0758ea26fe8502ce70c,openssl,0,0.5618234
test,53488f0275d6c8a121af49f7ac817d09ce68090d,spice,0,0.011201214
test,8af619009660b24e0b41ad26b30289eea288fcc2,spice,0,0.71203196
test,bdc20b9baf13564d9a061343416395f8f9a92b53,gstreamer,0,0.024987794
test,53488f0275d6c8a121af49f7ac817d09ce68090d,spice,0,0.002199798
test,d73cc256c8e256c32ed959456101b73ba9842f72,openssl,0,0.0054059
test,1b4a8df38fc9ab3c089ca5765075ee53ec5bd66a,openssl,0,0.005050508
test,ca989269a2876bae79393bd54c3e72d49975fc75,openssl,0,0.1407491
test,8af619009660b24e0b41ad26b30289eea288fcc2,spice,0,0.002800927
test,9f1f1a2dab38d4ce87a13565cf4dc1b73bef3a5f,drm,0,0.008478402
test,55caa8b08c84af2b50fbc936cf334a5a93dd7db5,xserver,1,0.9953181
test,31400a673325147e1205326008e32135a78b4d8a,postgres,1,0.79182106
test,cc598f321fbac9c04da5766243ed55d55948637d,openssl,0,0.0041019293
test,bdc20b9baf13564d9a061343416395f8f9a92b53,gstreamer,0,0.5854789
test,53488f0275d6c8a121af49f7ac817d09ce68090d,spice,0,0.0022738955
test,e96fc4fdd525fa0ede28074a7e2b1caf94b58b0d,jasper,1,0.04084572
test,21a6f570ba33fa9f52f1bba87f07acc4e8c178f4,radare2,1,0.72845864
test,819418110b6fff4a7b96f01a5d68f71df3e3b736,openssl,0,0.057176594
test,bdc20b9baf13564d9a061343416395f8f9a92b53,gstreamer,1,0.9948403
test,53488f0275d6c8a121af49f7ac817d09ce68090d,spice,0,0.003607617
test,76343947ada960b6269090638f5391068daee88d,openssl,0,0.8986776
test,d9544bcc44adcef769cbdf7f6453e140058a3adc,gstreamer,0,0.0028173404
test,fe6eea99efac66839052af547426518efd970b24,libav,1,0.9977083
test,441026fcb13ac23aa10edc312bdacb6445a0ad06,FFmpeg,1,0.9758085
test,d5fc88e573fa58b93034b04d35a2454f5d28cad9,NetworkManager,0,0.0053640567
test,d0666f289ac013094bbbf547bfbcd616199b7d2d,openssl,1,0.13834535
test,241988ca28139ad970c1d9717c419f41e360ddb0,ImageMagick,1,0.9900828
test,215f894965df5fb0bb45b107d84524e700d2073c,xserver,0,0.0145035805
test,c395c6e5d7e8df37a21265ff76e48fe75ceb5ae6?w=1,php-src,1,0.0076956474
test,78ce088843d59d4494965bfc40b30a2e63d065f6,NetworkManager,0,0.0053954087
test,215f894965df5fb0bb45b107d84524e700d2073c,xserver,0,0.0054799085
test,f9abd359f71a5bce421b9ae23432f539a067847a,accountsservice,0,0.0029065125
test,c3c7fb07dc975dc3c9de0eddb7d8fd79fc9c67c1,openssl,0,0.0031974867
test,08fa47c4850cea32c3116665975bca219fbf2fe6,postgresql,0,0.010693759
test,19a9cd607de73947fcfb104682f203ffe4e1f4e5,libXi,1,0.99693066
test,05caadc7eedbef471ac9610809ba683f0c698700,libarchive,1,0.9296961
test,8af619009660b24e0b41ad26b30289eea288fcc2,spice,0,0.004792317
test,9f1f1a2dab38d4ce87a13565cf4dc1b73bef3a5f,drm,1,0.99792516
test,e96fc4fdd525fa0ede28074a7e2b1caf94b58b0d,jasper,1,0.9987031
test,215f894965df5fb0bb45b107d84524e700d2073c,xserver,0,0.004223366
test,215f894965df5fb0bb45b107d84524e700d2073c,xserver,0,0.0066411127
test,53488f0275d6c8a121af49f7ac817d09ce68090d,spice,0,0.0020190137
test,53488f0275d6c8a121af49f7ac817d09ce68090d,spice,0,0.0021447653
test,3007531bfd326c5c1e29cd41d2cd80c166de8528,ImageMagick,1,0.9965301
test,948356eec65aea91995d4b7cc487d197d2c5f602,ImageMagick,1,0.943086
test,2899351224fe2940aec37d7656e1e392c0fe07f0,libreswan,1,0.98735064
test,d73cc256c8e256c32ed959456101b73ba9842f72,openssl,0,0.0043738233
test,08fa47c4850cea32c3116665975bca219fbf2fe6,postgresql,0,0.083665505
test,d8541d7e9e63bf5f343af24644046c8d96498c17,openssl,0,0.0030693877
test,7391a506352c009fe044dead7baad9e22dd279ee,libplist,1,0.99700147
test,afc9c683ed9db01edb357bc8c19edad4282b3a97,FFmpeg,1,0.029901404
test,08fa47c4850cea32c3116665975bca219fbf2fe6,postgresql,0,0.006463138
test,08fa47c4850cea32c3116665975bca219fbf2fe6,postgresql,0,0.0109234555
test,8af619009660b24e0b41ad26b30289eea288fcc2,spice,0,0.0031419473
test,259b664f950c2ba66fbf4b0fe5281327904ead21,openssl,1,0.14211279
test,215f894965df5fb0bb45b107d84524e700d2073c,xserver,0,0.013428255
test,bdc20b9baf13564d9a061343416395f8f9a92b53,gstreamer,0,0.008813166
test,f5910e91b0778e03ded45b9022be8eb8f77942cd,ImageMagick,1,0.54722637
test,76343947ada960b6269090638f5391068daee88d,openssl,0,0.7285069
test,bdc20b9baf13564d9a061343416395f8f9a92b53,gstreamer,0,0.014899643
test,d65686849024838243515b5c40ae2c479460b4b5,illumos-gate,1,0.9783433
test,bdc20b9baf13564d9a061343416395f8f9a92b53,gstreamer,0,0.008203786
test,bdc20b9baf13564d9a061343416395f8f9a92b53,gstreamer,0,0.021698099
test,53488f0275d6c8a121af49f7ac817d09ce68090d,spice,0,0.0031480705
test,4cc0286f2f3780abc6084bcdae5dce595daa3c12,php-src,1,0.9980354
test,bc8923b1ec9c467755cd86f7848c50ee8812e441,openssl,1,0.5557517
test,bdc20b9baf13564d9a061343416395f8f9a92b53,gstreamer,0,0.0053432565
test,d73cc256c8e256c32ed959456101b73ba9842f72,openssl,0,0.021004364
test,114688c526fe45f341d75ccd1d85473c3b08f7a7,virglrenderer,1,0.13229018
test,bd51aa4cdac380f55d607f4ffdf2ab3c00d08721,accountsservice,1,0.007190812
test,215f894965df5fb0bb45b107d84524e700d2073c,xserver,0,0.074030295
test,8af619009660b24e0b41ad26b30289eea288fcc2,spice,0,0.009107993
test,53488f0275d6c8a121af49f7ac817d09ce68090d,spice,0,0.0026419468
test,28a00bcd8e318da18031b2ac8778c64147cd54f9,openssl,0,0.002822833
test,bd20bb02e75e2c0483832b52f2577253febfb690,das_watchdog,1,0.9972638
test,8af619009660b24e0b41ad26b30289eea288fcc2,spice,0,0.0022083889
test,31400a673325147e1205326008e32135a78b4d8a,postgres,1,0.77089626
test,8af619009660b24e0b41ad26b30289eea288fcc2,spice,0,0.019160708
test,53488f0275d6c8a121af49f7ac817d09ce68090d,spice,0,0.009072807
test,3c66a669dfc7b3792f7af0758ea26fe8502ce70c,openssl,0,0.9686196
test,0bfb970f43acd1e81d11be1154805f86655f15d5?w=1,php-src,1,0.077030234
test,9a0db453ba017ebcaccbee933ee6511a9ae4d1c8,openssl,0,0.04972728
test,c597156adc60a45b5f827793cd420945f47bc03b,atheme,1,0.99806195
test,c67d275803dc6ea22c558d06b1f7ba9f94cd8de3,shadowsocks-libev,1,0.9982893
test,43c0b81a818640429317c80fea1e66771e85024b#diff-c8b4b355f9b5c06d585b23138e1c185f,libtiff,1,0.9982692
test,215f894965df5fb0bb45b107d84524e700d2073c,xserver,0,0.0061689946
test,53488f0275d6c8a121af49f7ac817d09ce68090d,spice,0,0.0020911063
test,78ce088843d59d4494965bfc40b30a2e63d065f6,NetworkManager,0,0.00462753
test,76343947ada960b6269090638f5391068daee88d,openssl,0,0.9534054
test,f5c7f5dfbaf0d2f7d946d0fe86f08e6bcb36ed0d,openssl,1,0.080936715
test,796dd28aaa6b9fa76d99c42c4d5ff8b257cc2191,radare2,1,0.4536249
test,fa7438a0ff4033e4741c807394a9af6207940d71,libarchive,1,0.9944988
test,4de30e5500eaeb49f4bf0b7a07f718e149a2ed5e,pango,1,0.979354
test,9a0db453ba017ebcaccbee933ee6511a9ae4d1c8,openssl,0,0.0021784666
test,08fa47c4850cea32c3116665975bca219fbf2fe6,postgresql,0,0.45469913
test,08fa47c4850cea32c3116665975bca219fbf2fe6,postgresql,0,0.005322535
test,8af619009660b24e0b41ad26b30289eea288fcc2,spice,0,0.0024822766
test,9a0db453ba017ebcaccbee933ee6511a9ae4d1c8,openssl,0,0.0065769986
test,bdc20b9baf13564d9a061343416395f8f9a92b53,gstreamer,0,0.0023367829
test,ecb7f58a069be0dec4a6131b6351a761f808f22e?w=1,php-src,1,0.0066411127
test,215f894965df5fb0bb45b107d84524e700d2073c,xserver,0,0.033621218
test,53488f0275d6c8a121af49f7ac817d09ce68090d,spice,0,0.0026214411
test,8af619009660b24e0b41ad26b30289eea288fcc2,spice,0,0.0026010938
test,e43a0a232dbf6d3c161823c2e07c52e76227a1bc,FFmpeg,1,0.9804314
test,c3c7fb07dc975dc3c9de0eddb7d8fd79fc9c67c1,openssl,1,0.0072047682
test,8af619009660b24e0b41ad26b30289eea288fcc2,spice,0,0.0773781
test,1b4a8df38fc9ab3c089ca5765075ee53ec5bd66a,openssl,0,0.34936625
test,9a0db453ba017ebcaccbee933ee6511a9ae4d1c8,openssl,0,0.25063756
test,215f894965df5fb0bb45b107d84524e700d2073c,xserver,0,0.18513554
test,215f894965df5fb0bb45b107d84524e700d2073c,xserver,0,0.0077555366
test,53488f0275d6c8a121af49f7ac817d09ce68090d,spice,0,0.0018137436
test,8af619009660b24e0b41ad26b30289eea288fcc2,spice,0,0.009090384
test,08fa47c4850cea32c3116665975bca219fbf2fe6,postgresql,0,0.580129
test,8af619009660b24e0b41ad26b30289eea288fcc2,spice,0,0.0022040892
test,77c77f0a1b9f15b869ca3342186dfbedd1119d0e,openssl,0,0.26860556
test,40bec0f38f50e8510f5bb71a82f516d46facde03,libgd,1,0.9979572
test,8af619009660b24e0b41ad26b30289eea288fcc2,spice,0,0.0063512353
test,e96fc4fdd525fa0ede28074a7e2b1caf94b58b0d,jasper,1,0.995008
test,31400a673325147e1205326008e32135a78b4d8a,postgres,1,0.99843603
test,f9abd359f71a5bce421b9ae23432f539a067847a,accountsservice,0,0.046291906
test,78ce088843d59d4494965bfc40b30a2e63d065f6,NetworkManager,0,0.015784562
test,e96fc4fdd525fa0ede28074a7e2b1caf94b58b0d,jasper,1,0.99854773
test,76343947ada960b6269090638f5391068daee88d,openssl,0,0.075858176
test,d0666f289ac013094bbbf547bfbcd616199b7d2d,openssl,0,0.0072608665
test,53488f0275d6c8a121af49f7ac817d09ce68090d,spice,0,0.0037217084
test,9a0db453ba017ebcaccbee933ee6511a9ae4d1c8,openssl,0,0.002741556
test,dbf72805fd9d7b1846fe9a11b46f3994bfc27fea,libx11,0,0.0040860027
test,8af619009660b24e0b41ad26b30289eea288fcc2,spice,0,0.003209961
test,8af619009660b24e0b41ad26b30289eea288fcc2,spice,0,0.0023459075
test,c394a488942387246653833359a5c94b5832674e,openssl,1,0.994146
test,84986ca024462058574432b5483f4bf9136c538d,pengutronix,0,0.13875328
test,d2632f6483a3ceb5d8e0a5fb11142c51c43978b4,radare2,1,0.9989077
test,8af619009660b24e0b41ad26b30289eea288fcc2,spice,0,0.002230012
test,f9abd359f71a5bce421b9ae23432f539a067847a,accountsservice,0,0.005030917
test,93761787b29f37fa627dea9082cdfc1a1ec608d6,virglrenderer,1,0.1185891
test,59357157706d47c365b2227739e17daba3607526,libarchive,1,0.99792516
test,53488f0275d6c8a121af49f7ac817d09ce68090d,spice,0,0.0023874093
test,3b8d4de300854b3517c7acb239b84f7726c1353c?w=1,php-src,1,0.99677116
test,83a4b92815ea04969d494416eaae3d4c6b338e4a#diff-c8b4b355f9b5c06d585b23138e1c185f,libtiff,1,0.9971717
test,d73cc256c8e256c32ed959456101b73ba9842f72,openssl,0,0.010408314
test,8598a497e2d1f556a34458cf54b40ba40674734c,ImageMagick,1,0.7709825
test,b95f25af141d33a65f6f821ea9c003f66a01e1f1,xserver,0,0.5962862
test,8af619009660b24e0b41ad26b30289eea288fcc2,spice,0,0.010189338
test,86f8fb0e344d62454f8daf3e15236b2b59210756,openssl,0,0.41540644
test,bdc20b9baf13564d9a061343416395f8f9a92b53,gstreamer,0,0.0032037182
test,53488f0275d6c8a121af49f7ac817d09ce68090d,spice,0,0.0018639287
test,2ca9ab45891b6ae8e32b6c28c81eebca059cbe5d,radare2,1,0.99869555
test,9f1f1a2dab38d4ce87a13565cf4dc1b73bef3a5f,drm,0,0.9936365
test,9a0db453ba017ebcaccbee933ee6511a9ae4d1c8,openssl,0,0.0028063874
test,53488f0275d6c8a121af49f7ac817d09ce68090d,spice,0,0.0027900378
test,4318daecc959886d001a6e79c6ea853e8b1dfb4b,postgres,1,0.99866986
test,53488f0275d6c8a121af49f7ac817d09ce68090d,spice,0,0.0028063874
test,a676f235309a59d4aa78eeffd2574ae5d341fcb0,raptor,1,0.009268013
test,53488f0275d6c8a121af49f7ac817d09ce68090d,spice,0,0.0032986512
test,bdc20b9baf13564d9a061343416395f8f9a92b53,gstreamer,0,0.011430645
test,53488f0275d6c8a121af49f7ac817d09ce68090d,spice,0,0.0022562398
test,215f894965df5fb0bb45b107d84524e700d2073c,xserver,0,0.004256349
test,2899351224fe2940aec37d7656e1e392c0fe07f0,libreswan,1,0.98498523
test,53488f0275d6c8a121af49f7ac817d09ce68090d,spice,0,0.0021364212
test,72dbb7f416160f490c4e9987040989a10ad431c7?w=1,php-src,1,0.99457306
test,76343947ada960b6269090638f5391068daee88d,openssl,0,0.0021869745
test,2899351224fe2940aec37d7656e1e392c0fe07f0,libreswan,1,0.99866724
test,8aed2a7548362e88e84a7feb795a3a97e8395008,openssl,1,0.9957437
test,ba4beaf6149f7241c8bd85fe853318c2f6837ad0,FFmpeg,1,0.99764496
test,4a04f814b15762eb446a5ead4d69d021512df6f8,suricata,1,0.0032162166
test,08fa47c4850cea32c3116665975bca219fbf2fe6,postgresql,0,0.16694687
test,08fa47c4850cea32c3116665975bca219fbf2fe6,postgresql,0,0.011642225
test,0a49a62f998747cfa564d98d36a459fe70d3299b,libav,1,0.99820733
test,819418110b6fff4a7b96f01a5d68f71df3e3b736,openssl,0,0.0036216853
test,08fa47c4850cea32c3116665975bca219fbf2fe6,postgresql,0,0.0046365354
test,53488f0275d6c8a121af49f7ac817d09ce68090d,spice,0,0.006438102
test,3b8d4de300854b3517c7acb239b84f7726c1353c?w=1,php-src,1,0.006363574
test,53488f0275d6c8a121af49f7ac817d09ce68090d,spice,0,0.0025960316
test,79cca974a4c2ab1199786732a67ff6d898051b78,miniupnp,1,0.9989034
test,e1b568dd2462f7cacf98f3d117936c34e2849a6b,openssl,1,0.9756001
test,215f894965df5fb0bb45b107d84524e700d2073c,xserver,0,0.00674499
test,8af619009660b24e0b41ad26b30289eea288fcc2,spice,0,0.036700353
test,6233ef75bb973745ab1092b59aea8fe316f09074,ImageMagick,1,0.8278978
test,91cc3f36f2ccbd485a0456bab9aebe63b635da88,ImageMagick,1,0.9946878
test,1c77f7a869bdea2a34799d774460d1f9983d45f0,linux-nfs,0,0.0109234555
test,76343947ada960b6269090638f5391068daee88d,openssl,0,0.98244
test,53488f0275d6c8a121af49f7ac817d09ce68090d,spice,0,0.0022430879
test,d73cc256c8e256c32ed959456101b73ba9842f72,openssl,1,0.0053432565
test,c175308407858afff3fc8c2e5e085d94d12edc7d,openssl,1,0.99038494
test,ca989269a2876bae79393bd54c3e72d49975fc75,openssl,0,0.002872748
test,3c66a669dfc7b3792f7af0758ea26fe8502ce70c,openssl,0,0.8504065
test,d73cc256c8e256c32ed959456101b73ba9842f72,openssl,0,0.004289589
test,d5fc88e573fa58b93034b04d35a2454f5d28cad9,NetworkManager,0,0.0054269433
test,f52fbf4f3ed02a7d872d8a102006f29b4421f360,FFmpeg,1,0.055106904
test,72794dc3523bbd5bb370de3c5857cb736c387e18,radare2,1,0.9987005
test,94f11ca5cf011ef123bd222cabeaef6f424d76ac,xserver,1,0.99668854
test,e2d953050766ac538615a811c64b34358614edce,tcmu-runner,1,0.9989434
test,08fa47c4850cea32c3116665975bca219fbf2fe6,postgresql,0,0.1666076
test,53488f0275d6c8a121af49f7ac817d09ce68090d,spice,0,0.0023596606
test,34628967f1e65dc8f34e000f0f5518e21afbfc7b,openssl,1,0.9609883
test,d8541d7e9e63bf5f343af24644046c8d96498c17,openssl,0,0.00498227
test,d5fc88e573fa58b93034b04d35a2454f5d28cad9,NetworkManager,1,0.99886644
test,a676f235309a59d4aa78eeffd2574ae5d341fcb0,raptor,1,0.84575146
test,d73cc256c8e256c32ed959456101b73ba9842f72,openssl,0,0.0029349516
test,0554324ec6bbc2071f5d1f8ad211a1643e29eb1f,libXdmcp,1,0.9947187
test,215f894965df5fb0bb45b107d84524e700d2073c,xserver,0,0.5716844
test,d4ec73f866a7c42a2e7f301fcd696e5cb7a7d3ab,ImageMagick,1,0.79692537
test,b469da1430cdcee06e31c6251b83aede072a1ff0,libx11,1,0.9365757
test,e1c5050734123973b99d181c45e74b2cbb00272e,cgminer,1,0.7889899
test,e1b568dd2462f7cacf98f3d117936c34e2849a6b,openssl,0,0.979784
test,1cc6f0ccc92c20c7cab6c4a7335daf29c91f0d8e,ImageMagick,1,0.51949084
test,77c77f0a1b9f15b869ca3342186dfbedd1119d0e,openssl,0,0.07497297
test,2080bc33717955a0e4268e738acf8c1eeddbf8cb,FFmpeg,1,0.008030813
test,215f894965df5fb0bb45b107d84524e700d2073c,xserver,0,0.0045472644
test,5a396bb3a66a61a68b80f2369d0249729bf85e04,libav,1,0.14712578
test,215f894965df5fb0bb45b107d84524e700d2073c,xserver,0,0.08254931
test,9a0db453ba017ebcaccbee933ee6511a9ae4d1c8,openssl,0,0.0024391296
test,574ce994016107ad8ab0f845a785f28d7eaa5208,pengutronix,0,0.006265534
test,62e39f34b2705131a2d08aff0c2e542c6a52cf0e,radare2,1,0.7802442
test,d73cc256c8e256c32ed959456101b73ba9842f72,openssl,0,0.004773722
test,08fa47c4850cea32c3116665975bca219fbf2fe6,postgresql,0,0.020508163
test,08fa47c4850cea32c3116665975bca219fbf2fe6,postgresql,0,0.0055119335
test,2ca9ab45891b6ae8e32b6c28c81eebca059cbe5d,radare2,1,0.3877483
test,8caed4df36b1f802b4992edcfd282cbeeec35d9d,xserver,1,0.9980083
test,574ce994016107ad8ab0f845a785f28d7eaa5208,pengutronix,0,0.9952448
test,08fa47c4850cea32c3116665975bca219fbf2fe6,postgresql,0,0.93686515
test,9a0db453ba017ebcaccbee933ee6511a9ae4d1c8,openssl,0,0.010693759
test,53488f0275d6c8a121af49f7ac817d09ce68090d,spice,0,0.0020033333
test,bdc20b9baf13564d9a061343416395f8f9a92b53,gstreamer,0,0.0069711166
test,cb243972b121b1ae6b60a78ff55a0506c69f3879,FFmpeg,1,0.9985814
test,9a0db453ba017ebcaccbee933ee6511a9ae4d1c8,openssl,0,0.0019800398
test,215f894965df5fb0bb45b107d84524e700d2073c,xserver,0,0.0053018946
test,626dc56686f15f2dda13c48f78c2a666cb6d8506,ettercap,1,0.9647889
test,53488f0275d6c8a121af49f7ac817d09ce68090d,spice,0,0.0028504557
test,8af619009660b24e0b41ad26b30289eea288fcc2,spice,0,0.006217078
test,215f894965df5fb0bb45b107d84524e700d2073c,xserver,0,0.0034496887
test,8af619009660b24e0b41ad26b30289eea288fcc2,spice,0,0.009917223
test,bdc20b9baf13564d9a061343416395f8f9a92b53,gstreamer,0,0.002872748
test,53488f0275d6c8a121af49f7ac817d09ce68090d,spice,0,0.0028063874
test,996faf964bba1aec06b153b370a7f20d3dd2bb8b?w=1,php-src,1,0.32241932
test,3d5ac8c20846871f1eb3068b65f93da7cd33bfd0,ImageMagick,1,0.59914804
test,215f894965df5fb0bb45b107d84524e700d2073c,xserver,0,0.0034564098
test,8af619009660b24e0b41ad26b30289eea288fcc2,spice,0,0.0034030054
test,215f894965df5fb0bb45b107d84524e700d2073c,xserver,0,0.17960249
test,48bcf7c39302cdf9b0d9202ad03bf1b95152c44d,ImageMagick,1,0.9291196
test,53488f0275d6c8a121af49f7ac817d09ce68090d,spice,0,0.008172065
test,08fa47c4850cea32c3116665975bca219fbf2fe6,postgresql,0,0.0051296344
test,53488f0275d6c8a121af49f7ac817d09ce68090d,spice,0,0.0021827165
test,8af619009660b24e0b41ad26b30289eea288fcc2,spice,0,0.0022430879
test,900f39692ca0337a98a7cf047e4e2611071810c2,FFmpeg,1,0.99656373
test,84986ca024462058574432b5483f4bf9136c538d,pengutronix,0,0.21239536
test,e793eb203e5e0f91f5037aed6585e81b1e27395b,ImageMagick,1,0.9181873
test,3f0d3f4d97bce75c1828635c322b6560a45a037f,xserver,1,0.23678085
test,566583e87147f774e7fc4c78b5f7e61d427e40a9,gstreamer,1,0.99821436
test,d8541d7e9e63bf5f343af24644046c8d96498c17,openssl,1,0.011222866
test,215f894965df5fb0bb45b107d84524e700d2073c,xserver,0,0.003907215
test,9a0db453ba017ebcaccbee933ee6511a9ae4d1c8,openssl,0,0.0022474632
test,a004e72b95835136d3f1ea90517f706c24c03da7,openssl,1,0.99344844
test,574ce994016107ad8ab0f845a785f28d7eaa5208,pengutronix,0,0.013273888
test,08229ad838c50f644d7e928e2eef147b4308ad64,openssl,1,0.03044435
test,8af619009660b24e0b41ad26b30289eea288fcc2,spice,0,0.017110892
test,215f894965df5fb0bb45b107d84524e700d2073c,xserver,0,0.25757828
test,8af619009660b24e0b41ad26b30289eea288fcc2,spice,0,0.0042069694
test,ebc71865f0506a293242bd4aec97cdc7a8ef24b0,openssl,1,0.9986594
test,8763c6090d627d8bb0ee1d030c30e58f406be9ce?w=1,php-src,1,0.9982658
test,215f894965df5fb0bb45b107d84524e700d2073c,xserver,0,0.008077626
test,e07ac727c1cc9eed39e7f9117c97006f719864bd,FFmpeg,1,0.976513
test,215f894965df5fb0bb45b107d84524e700d2073c,xserver,0,0.0034296035
test,215f894965df5fb0bb45b107d84524e700d2073c,xserver,0,0.010529712
test,626dc56686f15f2dda13c48f78c2a666cb6d8506,ettercap,1,0.9975321
test,9a0db453ba017ebcaccbee933ee6511a9ae4d1c8,openssl,1,0.03465149
test,08fa47c4850cea32c3116665975bca219fbf2fe6,postgresql,0,0.004174367
test,d73cc256c8e256c32ed959456101b73ba9842f72,openssl,0,0.01273498
test,d73cc256c8e256c32ed959456101b73ba9842f72,openssl,0,0.0040464555
test,215f894965df5fb0bb45b107d84524e700d2073c,xserver,0,0.004133968
test,053e67e3ec81cc9268ce30eaf0d6663d8639ed1e,yara,1,0.93564117
test,53488f0275d6c8a121af49f7ac817d09ce68090d,spice,0,0.0018602987
test,8af619009660b24e0b41ad26b30289eea288fcc2,spice,0,0.0026112478
test,08fa47c4850cea32c3116665975bca219fbf2fe6,postgresql,0,0.04061678
test,8af619009660b24e0b41ad26b30289eea288fcc2,spice,0,0.0025459477
test,8c29f1607a31dac0911e45a0dd3d74173822b3c9,libx11,1,0.4341314
test,e5c063a1007506ba69e97a35effcdef944421c89,ImageMagick,1,0.9971717
test,08fa47c4850cea32c3116665975bca219fbf2fe6,postgresql,0,0.006475691
test,b95f25af141d33a65f6f821ea9c003f66a01e1f1,xserver,0,0.9820826
test,215f894965df5fb0bb45b107d84524e700d2073c,xserver,0,0.0532062
test,bdc20b9baf13564d9a061343416395f8f9a92b53,gstreamer,0,0.002784609
test,9a0db453ba017ebcaccbee933ee6511a9ae4d1c8,openssl,0,0.0071491017
test,8af619009660b24e0b41ad26b30289eea288fcc2,spice,0,0.008251599
test,8af619009660b24e0b41ad26b30289eea288fcc2,spice,0,0.0025558867
test,78ce088843d59d4494965bfc40b30a2e63d065f6,NetworkManager,1,0.9946672
test,53488f0275d6c8a121af49f7ac817d09ce68090d,spice,0,0.0032730645
test,4f05e2e2dc1a89f38cd9f0960a6561083d714f1e,FFmpeg,1,0.9857729
test,819418110b6fff4a7b96f01a5d68f71df3e3b736,openssl,0,0.0023688741
test,819418110b6fff4a7b96f01a5d68f71df3e3b736,openssl,0,0.003750789
test,53488f0275d6c8a121af49f7ac817d09ce68090d,spice,0,0.0019646615
test,215f894965df5fb0bb45b107d84524e700d2073c,xserver,0,0.004182494
test,124eb202e70678539544f6268efc98131f19fa49,FFmpeg,1,0.8964329
test,574ce994016107ad8ab0f845a785f28d7eaa5208,pengutronix,0,0.049267832
test,d73cc256c8e256c32ed959456101b73ba9842f72,openssl,0,0.0058881594
test,d5fc88e573fa58b93034b04d35a2454f5d28cad9,NetworkManager,0,0.0032476767
test,3c66a669dfc7b3792f7af0758ea26fe8502ce70c,openssl,0,0.9905509
test,bdc20b9baf13564d9a061343416395f8f9a92b53,gstreamer,0,0.0025114636
test,bdc20b9baf13564d9a061343416395f8f9a92b53,gstreamer,0,0.093264274
test,215f894965df5fb0bb45b107d84524e700d2073c,xserver,0,0.0025114636
test,103b171d8fc282ef435f8de9afbf7782e312961f,openssl,1,0.044059765
test,f9abd359f71a5bce421b9ae23432f539a067847a,accountsservice,0,0.47262645
test,ce7aee9b733134649a6ce2fa743e51733f33e67e,libav,1,0.997537
test,84986ca024462058574432b5483f4bf9136c538d,pengutronix,1,0.9989309
test,53488f0275d6c8a121af49f7ac817d09ce68090d,spice,0,0.005384938
test,f9abd359f71a5bce421b9ae23432f539a067847a,accountsservice,0,0.008203786
test,77c77f0a1b9f15b869ca3342186dfbedd1119d0e,openssl,0,0.0044683847
test,215f894965df5fb0bb45b107d84524e700d2073c,xserver,0,0.389532
test,d5fc88e573fa58b93034b04d35a2454f5d28cad9,NetworkManager,1,0.2344943
test,8af619009660b24e0b41ad26b30289eea288fcc2,spice,0,0.0027522566
test,d73cc256c8e256c32ed959456101b73ba9842f72,openssl,0,0.007190812
test,215f894965df5fb0bb45b107d84524e700d2073c,xserver,0,0.003135836
test,b18012dae552f85dcc5c57d3bf4e997a15b1cc1c,libtiff,1,0.04831607
test,84986ca024462058574432b5483f4bf9136c538d,pengutronix,0,0.051893488
test,bdc20b9baf13564d9a061343416395f8f9a92b53,gstreamer,0,0.009746104
test,574ce994016107ad8ab0f845a785f28d7eaa5208,pengutronix,0,0.16599831
test,bdc20b9baf13564d9a061343416395f8f9a92b53,gstreamer,0,0.009449081
test,8af619009660b24e0b41ad26b30289eea288fcc2,spice,0,0.0027576222
test,215f894965df5fb0bb45b107d84524e700d2073c,xserver,0,0.33671263
test,28a6ed9f9a36b9c517e4a8a429baf4dd382fc5d5?w=1,php-src,1,0.99674594
test,8af619009660b24e0b41ad26b30289eea288fcc2,spice,0,0.0026522598
test,cc598f321fbac9c04da5766243ed55d55948637d,openssl,0,0.0028173404
test,b19d8143212ae5fbc9cebfd51c01f802fabccd33,openssl,0,0.9686196
test,ecb7f58a069be0dec4a6131b6351a761f808f22e?w=1,php-src,1,0.99796116
test,53488f0275d6c8a121af49f7ac817d09ce68090d,spice,0,0.0024678104
test,d5fc88e573fa58b93034b04d35a2454f5d28cad9,NetworkManager,0,0.007907292
test,76343947ada960b6269090638f5391068daee88d,openssl,0,0.002828336
test,3c66a669dfc7b3792f7af0758ea26fe8502ce70c,openssl,0,0.979784
test,29ffeef5e73b8f41ff3a3f2242d356759c66f91f,FFmpeg,1,0.98507166
test,f9abd359f71a5bce421b9ae23432f539a067847a,accountsservice,0,0.05470151
test,08fa47c4850cea32c3116665975bca219fbf2fe6,postgresql,0,0.0077856556
test,53488f0275d6c8a121af49f7ac817d09ce68090d,spice,0,0.004801641
test,e1b568dd2462f7cacf98f3d117936c34e2849a6b,openssl,0,0.99090964
test,76343947ada960b6269090638f5391068daee88d,openssl,0,0.99210805
test,53488f0275d6c8a121af49f7ac817d09ce68090d,spice,0,0.0024249142
test,819418110b6fff4a7b96f01a5d68f71df3e3b736,openssl,0,0.9899671
test,c24bcb553650b91e9eff15ef6e54ca73de2453b7,FFmpeg,1,0.9263037
test,86f8fb0e344d62454f8daf3e15236b2b59210756,openssl,0,0.0043568453
test,53488f0275d6c8a121af49f7ac817d09ce68090d,spice,0,0.0020229532
test,08fa47c4850cea32c3116665975bca219fbf2fe6,postgresql,0,0.0025409926
test,76343947ada960b6269090638f5391068daee88d,openssl,0,0.9570777
test,78ce088843d59d4494965bfc40b30a2e63d065f6,NetworkManager,0,0.0047092056
test,86f8fb0e344d62454f8daf3e15236b2b59210756,openssl,0,0.004256349
test,28a00bcd8e318da18031b2ac8778c64147cd54f9,openssl,0,0.0021322616
test,0ed26acce328ec16a3aa635f1ca37365e8c7403a,openssl,1,0.99797314
test,8af619009660b24e0b41ad26b30289eea288fcc2,spice,0,0.003178866
test,c42a1388a6d1bfd8001bf6a4241d8ca27e49326d,FFmpeg,1,0.022933565
test,e8eff147e9da1185f9afd5b25948153a3b97cf52,dosfstools,1,0.9973061
test,76343947ada960b6269090638f5391068daee88d,openssl,0,0.0024249142
test,c0334c2c92dd1bc3ad8138ba6e74006c3631b0f9,openssl,1,0.9979652
test,76343947ada960b6269090638f5391068daee88d,openssl,0,0.0023920657
test,08fa47c4850cea32c3116665975bca219fbf2fe6,postgresql,0,0.004962942
test,76343947ada960b6269090638f5391068daee88d,openssl,0,0.008560891
test,819418110b6fff4a7b96f01a5d68f71df3e3b736,openssl,1,0.99779165
test,8af619009660b24e0b41ad26b30289eea288fcc2,spice,0,0.007937994
test,574ce994016107ad8ab0f845a785f28d7eaa5208,pengutronix,1,0.9990728
test,ce6841d9e41d621ba23cf18b190ee6a23b2cc833,libtiff,1,0.9930559
test,bb80e9c7a798f035768260ebdadffb6eb0786178,tcmu-runner,1,0.9670076
test,574ce994016107ad8ab0f845a785f28d7eaa5208,pengutronix,0,0.04038907
test,19a9cd607de73947fcfb104682f203ffe4e1f4e5,libXi,1,0.99772614
test,08fa47c4850cea32c3116665975bca219fbf2fe6,postgresql,0,0.10875558
test,8af619009660b24e0b41ad26b30289eea288fcc2,spice,0,0.003714474
test,e1b568dd2462f7cacf98f3d117936c34e2849a6b,openssl,0,0.008511303
test,94f6955fbaee6fda9385a23e505497efe21f5b4f,libssh,1,0.99772614
test,574ce994016107ad8ab0f845a785f28d7eaa5208,pengutronix,0,0.88268095
test,c3c7fb07dc975dc3c9de0eddb7d8fd79fc9c67c1,openssl,0,0.013415324
test,f9abd359f71a5bce421b9ae23432f539a067847a,accountsservice,0,0.9782396
test,819418110b6fff4a7b96f01a5d68f71df3e3b736,openssl,0,0.011061474
test,574ce994016107ad8ab0f845a785f28d7eaa5208,pengutronix,0,0.38116196
test,d73cc256c8e256c32ed959456101b73ba9842f72,openssl,0,0.008030813
test,9a0db453ba017ebcaccbee933ee6511a9ae4d1c8,openssl,0,0.0023413405
test,e1b568dd2462f7cacf98f3d117936c34e2849a6b,openssl,0,0.9894091
test,a2f12a1b0f95b13b6f8dc3d05d7b74b4386394e4,virglrenderer,1,0.0056859064
test,215f894965df5fb0bb45b107d84524e700d2073c,xserver,0,0.004256349
test,08fa47c4850cea32c3116665975bca219fbf2fe6,postgresql,0,0.005786155
test,215f894965df5fb0bb45b107d84524e700d2073c,xserver,0,0.023734689
test,f85bc674b2a2256a364fe796351bc1971e106005,radare2,1,0.7782283
test,76343947ada960b6269090638f5391068daee88d,openssl,0,0.0025859366
test,505b6a61c22d5565e9308045c7b9bf79f7d0517e,systemd,0,0.99615306
test,8af619009660b24e0b41ad26b30289eea288fcc2,spice,0,0.046162732
test,ef8f40689ac452398026c07da41656a7c87e4683,ImageMagick,1,0.9719925
test,8af619009660b24e0b41ad26b30289eea288fcc2,spice,0,0.0037072531
test,bb80e9c7a798f035768260ebdadffb6eb0786178,tcmu-runner,1,0.99776566
test,53488f0275d6c8a121af49f7ac817d09ce68090d,spice,0,0.0024438866
test,84986ca024462058574432b5483f4bf9136c538d,pengutronix,0,0.077030234
test,43c0b81a818640429317c80fea1e66771e85024b#diff-c8b4b355f9b5c06d585b23138e1c185f,libtiff,1,0.99857855
test,8af619009660b24e0b41ad26b30289eea288fcc2,spice,0,0.035712168
test,fd7e0c02,libarchive,1,0.13799648
test,f9abd359f71a5bce421b9ae23432f539a067847a,accountsservice,0,0.99170023
test,db1ffb6cf44bcfe5c4d5fcf9d9109ded5617387f,ImageMagick,1,0.5854049
test,08fa47c4850cea32c3116665975bca219fbf2fe6,postgresql,0,0.01788301
test,d4ec73f866a7c42a2e7f301fcd696e5cb7a7d3ab,ImageMagick,1,0.9609883
test,b95f25af141d33a65f6f821ea9c003f66a01e1f1,xserver,0,0.4724705
test,9a0db453ba017ebcaccbee933ee6511a9ae4d1c8,openssl,0,0.008847355
test,8af619009660b24e0b41ad26b30289eea288fcc2,spice,0,0.0022694685
test,22531545514043e04633e1c015c7540b9de9dbe4,libarchive,1,0.99879813
test,9a0db453ba017ebcaccbee933ee6511a9ae4d1c8,openssl,0,0.0019955388
test,65000a7fd9eea62359e6d6714f17b94a99a82edd,radare2,1,0.019832712
test,9a0db453ba017ebcaccbee933ee6511a9ae4d1c8,openssl,0,0.16755892
test,8af619009660b24e0b41ad26b30289eea288fcc2,spice,0,0.003524341
test,cb243972b121b1ae6b60a78ff55a0506c69f3879,FFmpeg,1,0.9944666
test,86f8fb0e344d62454f8daf3e15236b2b59210756,openssl,0,0.0052404497
test,9f1f1a2dab38d4ce87a13565cf4dc1b73bef3a5f,drm,0,0.0057974006
test,215f894965df5fb0bb45b107d84524e700d2073c,xserver,0,0.009689717
test,9a0db453ba017ebcaccbee933ee6511a9ae4d1c8,openssl,0,0.011597362
test,66e8211c0b1347970096e04b18aa52567c325200,openssl,1,0.99808073
test,c394a488942387246653833359a5c94b5832674e,openssl,0,0.0111688115
test,86f8fb0e344d62454f8daf3e15236b2b59210756,openssl,1,0.96975684
test,9a0db453ba017ebcaccbee933ee6511a9ae4d1c8,openssl,0,0.011552672
test,08fa47c4850cea32c3116665975bca219fbf2fe6,postgresql,0,0.030071842
test,a7a44ba55cb4f884c6bc9ceac90072dea38e66d0,openssl,1,0.9972154
test,4eae304e773bad8a876c3c26fdffac24d4253ae4,ImageMagick,1,0.9944126
test,215f894965df5fb0bb45b107d84524e700d2073c,xserver,0,0.2222356
test,d73cc256c8e256c32ed959456101b73ba9842f72,openssl,0,0.006877107
test,31400a673325147e1205326008e32135a78b4d8a,postgres,1,0.9681712
test,9a0db453ba017ebcaccbee933ee6511a9ae4d1c8,openssl,0,0.0058312714
test,53488f0275d6c8a121af49f7ac817d09ce68090d,spice,0,0.21526824
test,53488f0275d6c8a121af49f7ac817d09ce68090d,spice,0,0.0021912404
test,d5fc88e573fa58b93034b04d35a2454f5d28cad9,NetworkManager,0,0.004015092
test,10ef1dca63d62433fda13309b4a228782db823f7,libgd,1,0.020100236
test,574ce994016107ad8ab0f845a785f28d7eaa5208,pengutronix,0,0.9122018
test,9a0db453ba017ebcaccbee933ee6511a9ae4d1c8,openssl,0,0.005250641
test,4ad93618d26a3ea23d36ad5498ff4f59eff3a4d2,openssl,1,0.6303152
test,8af619009660b24e0b41ad26b30289eea288fcc2,spice,0,0.0018602987
test,574ce994016107ad8ab0f845a785f28d7eaa5208,pengutronix,0,0.8901988
test,08fa47c4850cea32c3116665975bca219fbf2fe6,postgresql,0,0.014433955
test,426aeb2808955ee3d3f52e0cfb102834cdb836a5?w=1,php-src,1,0.009633653
test,31400a673325147e1205326008e32135a78b4d8a,postgres,1,0.99697804
test,bdc20b9baf13564d9a061343416395f8f9a92b53,gstreamer,0,0.787523
test,86f8fb0e344d62454f8daf3e15236b2b59210756,openssl,0,0.0031542056
test,215f894965df5fb0bb45b107d84524e700d2073c,xserver,0,0.83038795
test,d9544bcc44adcef769cbdf7f6453e140058a3adc,gstreamer,0,0.0021657674
test,e43a0a232dbf6d3c161823c2e07c52e76227a1bc,FFmpeg,1,0.022933565
test,bdc20b9baf13564d9a061343416395f8f9a92b53,gstreamer,0,0.0027149853
test,d73cc256c8e256c32ed959456101b73ba9842f72,openssl,0,0.0052099936
test,e1b568dd2462f7cacf98f3d117936c34e2849a6b,openssl,0,0.034716886
test,0b973e28166636e0ff1fad80baa0385c9c09c53a,radare2,1,0.9987453
test,3c66a669dfc7b3792f7af0758ea26fe8502ce70c,openssl,0,0.08370295
test,7fd419441bc7103398e313558171d342c6315f44,ImageMagick,1,0.98022413
test,1b4a8df38fc9ab3c089ca5765075ee53ec5bd66a,openssl,0,0.0032794431
test,4a23b12a031860253b58d503f296377ca076427b,openssl,1,0.99836427
test,8763c6090d627d8bb0ee1d030c30e58f406be9ce?w=1,php-src,1,0.9987257
test,76343947ada960b6269090638f5391068daee88d,openssl,0,0.03879259
test,3a87aa2f10bd7f1408e1849bdb59c41dd63a9fe9,miniupnp,1,0.5821384
test,3661bb4e7934668bd99ca777ea8b30eedfafa871,openssl,1,0.005384938
test,c395c6e5d7e8df37a21265ff76e48fe75ceb5ae6?w=1,php-src,1,0.9987331
test,d31fec57e9dfb0516deead2053a856e3c71e9751,ImageMagick,1,0.87589324
test,215f894965df5fb0bb45b107d84524e700d2073c,xserver,0,0.0033766124
test,215f894965df5fb0bb45b107d84524e700d2073c,xserver,0,0.0077856556
test,bdc20b9baf13564d9a061343416395f8f9a92b53,gstreamer,0,0.022521457
test,77c77f0a1b9f15b869ca3342186dfbedd1119d0e,openssl,0,0.36099574
test,52b1526443c1f433087928291d1c3d37a5600515,radare2,1,0.99861956
test,215f894965df5fb0bb45b107d84524e700d2073c,xserver,0,0.008140463
test,7ac5067146613997bb38442cb022d7f41321a706,FFmpeg,1,0.35128325
test,b6f13a5ef9d6280cf984826a5de012a32c396cd4?w=1,php-src,1,0.9935369
test,08fa47c4850cea32c3116665975bca219fbf2fe6,postgresql,0,0.42180488
test,08fa47c4850cea32c3116665975bca219fbf2fe6,postgresql,0,0.39571783
test,53488f0275d6c8a121af49f7ac817d09ce68090d,spice,0,0.0023367829
test,9a271a9368eaabf99e6c2046103acb33957e63b7,FFmpeg,1,0.014227046
test,abd159cce48f3e34f08e4751c568e09677d5ec9c?w=1,php-src,1,0.99688244
test,d73cc256c8e256c32ed959456101b73ba9842f72,openssl,0,0.004582765
test,9a0db453ba017ebcaccbee933ee6511a9ae4d1c8,openssl,0,0.42097148
test,215f894965df5fb0bb45b107d84524e700d2073c,xserver,0,0.015203663
test,73a2bad43d157acfe360595feee739b4cc4406cb,ImageMagick,1,0.9175246
test,ce325c60c74b0fa784f5872404b722e120e5cab0,openssl,1,0.6334103
test,215f894965df5fb0bb45b107d84524e700d2073c,xserver,0,0.0046909326
test,574ce994016107ad8ab0f845a785f28d7eaa5208,pengutronix,0,0.97419035
test,1b4a8df38fc9ab3c089ca5765075ee53ec5bd66a,openssl,0,0.3361131
test,8af619009660b24e0b41ad26b30289eea288fcc2,spice,0,0.9876401
test,819418110b6fff4a7b96f01a5d68f71df3e3b736,openssl,0,0.009633653
test,c0334c2c92dd1bc3ad8138ba6e74006c3631b0f9,openssl,0,0.0025509123
test,53488f0275d6c8a121af49f7ac817d09ce68090d,spice,0,0.002458213
test,08fa47c4850cea32c3116665975bca219fbf2fe6,postgresql,0,0.99153805
test,9a0db453ba017ebcaccbee933ee6511a9ae4d1c8,openssl,0,0.0026626128
test,8af619009660b24e0b41ad26b30289eea288fcc2,spice,0,0.0021657674
test,574ce994016107ad8ab0f845a785f28d7eaa5208,pengutronix,0,0.9989536
test,215f894965df5fb0bb45b107d84524e700d2073c,xserver,0,0.037573304
test,1b4a8df38fc9ab3c089ca5765075ee53ec5bd66a,openssl,0,0.02224367
test,b585a3aed7880a5fa5c18e2b838fc96f40e075bd,php-src,1,0.01150815
test,18b6a2cc0b87536015bedd4f7763e6b02d5aa4f3,libmspack,1,0.998242
test,e8eff147e9da1185f9afd5b25948153a3b97cf52,dosfstools,1,0.08100938
test,55caa8b08c84af2b50fbc936cf334a5a93dd7db5,xserver,1,0.9971607
test,f9abd359f71a5bce421b9ae23432f539a067847a,accountsservice,0,0.99482024
test,215f894965df5fb0bb45b107d84524e700d2073c,xserver,0,0.011353657
test,215f894965df5fb0bb45b107d84524e700d2073c,xserver,0,0.009974921
test,f9abd359f71a5bce421b9ae23432f539a067847a,accountsservice,0,0.44711325
test,31400a673325147e1205326008e32135a78b4d8a,postgres,1,0.9965436
test,215f894965df5fb0bb45b107d84524e700d2073c,xserver,0,0.005609132
test,9eedb5660f1704cde8e8cd784c5c2a09dd2fd60f,ImageMagick,1,0.95275027
test,b6f13a5ef9d6280cf984826a5de012a32c396cd4?w=1,php-src,1,0.007968815
test,6a7cc8ff85827fa9ac715b3a83c2d9147f33cd43?w=1,php-src,1,0.99674594
test,d73cc256c8e256c32ed959456101b73ba9842f72,openssl,0,0.027298586
test,4cb1bcf1422bbcd79c0f683edb7ee85e3f7a31fe,gstreamer,1,0.36888868
test,c394a488942387246653833359a5c94b5832674e,openssl,0,0.011136503
test,bdc20b9baf13564d9a061343416395f8f9a92b53,gstreamer,0,0.010348136
test,8af619009660b24e0b41ad26b30289eea288fcc2,spice,0,0.008968053
test,83a4b92815ea04969d494416eaae3d4c6b338e4a#diff-c8b4b355f9b5c06d585b23138e1c185f,libtiff,1,0.9749169
test,77c77f0a1b9f15b869ca3342186dfbedd1119d0e,openssl,0,0.016246216
test,547d690d676064069d44703a1917e0dab7e33445,FFmpeg,1,0.99553156
test,17a33dfd95b1a29e90db76414eb9622df9632320,tinc,1,0.99806577
test,505b6a61c22d5565e9308045c7b9bf79f7d0517e,systemd,0,0.995793
test,83d799804648c2a0895d40a19835d9b757c6fa4e,yara,1,0.02628028
test,215f894965df5fb0bb45b107d84524e700d2073c,xserver,0,0.0628467
test,e43a0a232dbf6d3c161823c2e07c52e76227a1bc,FFmpeg,1,0.87256473
test,8af619009660b24e0b41ad26b30289eea288fcc2,spice,0,0.0023006375
test,912ce9dd2080c5837285a471d750fa311e09b555,FFmpeg,1,0.6747206
test,f9abd359f71a5bce421b9ae23432f539a067847a,accountsservice,0,0.985663
test,78d4c5db50fbab0b4beb69c46c6167f2c6513dec,ImageMagick,1,0.9748452
test,78ce088843d59d4494965bfc40b30a2e63d065f6,NetworkManager,0,0.005786155
test,28a00bcd8e318da18031b2ac8778c64147cd54f9,openssl,0,0.002828336
test,d8541d7e9e63bf5f343af24644046c8d96498c17,openssl,0,0.004943689
test,9a0db453ba017ebcaccbee933ee6511a9ae4d1c8,openssl,0,0.0023920657
test,f5c7f5dfbaf0d2f7d946d0fe86f08e6bcb36ed0d,openssl,1,0.013454154
test,574ce994016107ad8ab0f845a785f28d7eaa5208,pengutronix,0,0.004801641
test,932ded2ed51e8333852e370c7a6dad75d9f236f9,postgresql,1,0.05670464
test,78ce088843d59d4494965bfc40b30a2e63d065f6,NetworkManager,0,0.010013571
test,e8714f6f93d1a32f4e4655209960afcf4c185214,FFmpeg,1,0.012821214
test,574ce994016107ad8ab0f845a785f28d7eaa5208,pengutronix,0,0.99771273
test,3661bb4e7934668bd99ca777ea8b30eedfafa871,openssl,1,0.023621807
test,b95f25af141d33a65f6f821ea9c003f66a01e1f1,xserver,0,0.97730595
test,8af619009660b24e0b41ad26b30289eea288fcc2,spice,0,0.0036570968
test,86f8fb0e344d62454f8daf3e15236b2b59210756,openssl,0,0.0023734942
test,136f55207521f0b03194ef5b55ba70f1635d6aee,libav,1,0.03327394
test,8af619009660b24e0b41ad26b30289eea288fcc2,spice,0,0.006180981
test,08fa47c4850cea32c3116665975bca219fbf2fe6,postgresql,0,0.054802597
test,bdc20b9baf13564d9a061343416395f8f9a92b53,gstreamer,0,0.004015092
test,8af619009660b24e0b41ad26b30289eea288fcc2,spice,0,0.070176296
test,5c080298d59efa53264d7248bbe3a04660db6ef7,libtiff,1,0.99890983
test,08fa47c4850cea32c3116665975bca219fbf2fe6,postgresql,0,0.025589554
test,08fa47c4850cea32c3116665975bca219fbf2fe6,postgresql,0,0.0038244838
test,b101a6bbd4f2181c360bd38e7683df4a03cba83e,php-src,1,0.9920157
test,08fa47c4850cea32c3116665975bca219fbf2fe6,postgresql,0,0.0050016725
test,fb1473080223a634b8ac2cca48a632d037a0a69d,libav,1,0.99760324
test,4751b606fa38edc456d627140898a7ec679fcc24,libgd,1,0.036528125
test,9a0db453ba017ebcaccbee933ee6511a9ae4d1c8,openssl,0,0.002282775
test,8af619009660b24e0b41ad26b30289eea288fcc2,spice,0,0.0029065125
test,ae9365db1b271b62b35ce018eac8799b1d5e8a53,libtiff,1,0.9987551
test,76343947ada960b6269090638f5391068daee88d,openssl,0,0.006564249
test,83764a989dcc87fbea337da5f8f86806fe767b7e,openssl,1,0.18631704
test,215f894965df5fb0bb45b107d84524e700d2073c,xserver,0,0.006375936
test,43e6a58d4991a451daf4891ff05a48735df871ac,openssl,1,0.16919987
test,53488f0275d6c8a121af49f7ac817d09ce68090d,spice,0,0.087252244
test,59357157706d47c365b2227739e17daba3607526,libarchive,1,0.6632874
test,8af619009660b24e0b41ad26b30289eea288fcc2,spice,0,0.0151307285
test,ca989269a2876bae79393bd54c3e72d49975fc75,openssl,0,0.06669066
test,26a59d9b46574e457870197dffa802871b4c8fc7,openssl,1,0.9164094
test,8af619009660b24e0b41ad26b30289eea288fcc2,spice,0,0.0033309145
test,08fa47c4850cea32c3116665975bca219fbf2fe6,postgresql,0,0.004681823
test,215f894965df5fb0bb45b107d84524e700d2073c,xserver,0,0.08509904
test,566583e87147f774e7fc4c78b5f7e61d427e40a9,gstreamer,0,0.0025558867
test,28a00bcd8e318da18031b2ac8778c64147cd54f9,openssl,0,0.0028560124
test,4a23b12a031860253b58d503f296377ca076427b,openssl,1,0.99823856
test,e9bbefbf0f24c57645e7ad6a5a71ae649d18ac8e,openssl,1,0.017576883
test,8af619009660b24e0b41ad26b30289eea288fcc2,spice,0,0.0029694452
test,4a342f01e5439b9bb901aff1c6c23c536baeeb3f,yara,1,0.97933435
test,3c66a669dfc7b3792f7af0758ea26fe8502ce70c,openssl,0,0.9516839
test,d73cc256c8e256c32ed959456101b73ba9842f72,openssl,0,0.0072327633
test,68595c0c2886e7942a14f98c17a55a88afb6c292,openssl,1,0.994089
test,ca989269a2876bae79393bd54c3e72d49975fc75,openssl,0,0.007190812
test,08fa47c4850cea32c3116665975bca219fbf2fe6,postgresql,0,0.008267596
test,53488f0275d6c8a121af49f7ac817d09ce68090d,spice,0,0.0058653383
test,77c77f0a1b9f15b869ca3342186dfbedd1119d0e,openssl,0,0.013467122
test,e79ef306afe332faf22e9b442a2c6b59cb175573,libarchive,1,0.9981792
test,53488f0275d6c8a121af49f7ac817d09ce68090d,spice,0,0.002199798
test,8af619009660b24e0b41ad26b30289eea288fcc2,spice,0,0.0046636546
test,50ee8130fb4cd4ef1af7682a2c85dd99cb99424e,abrt,1,0.27488634
test,d73cc256c8e256c32ed959456101b73ba9842f72,openssl,0,0.0051097376
test,58b2e0f0f2fc96c1158e04f8aba95cbe6157a1a3,libav,1,0.019382192
test,8af619009660b24e0b41ad26b30289eea288fcc2,spice,0,0.0022343625
test,8af619009660b24e0b41ad26b30289eea288fcc2,spice,0,0.0022783307
test,f9abd359f71a5bce421b9ae23432f539a067847a,accountsservice,0,0.50435627
test,a004e72b95835136d3f1ea90517f706c24c03da7,openssl,1,0.09611029
test,3ad08e01b4d253c66ae56414886089684155af22,libarchive,1,0.998884
test,a44c89e8af7c2410f4bfc5e097be2a5d0639a60c?w=1,php-src,1,0.009633653
test,9a0db453ba017ebcaccbee933ee6511a9ae4d1c8,openssl,0,0.0026112478
test,796dd28aaa6b9fa76d99c42c4d5ff8b257cc2191,radare2,1,0.99632156
test,8af619009660b24e0b41ad26b30289eea288fcc2,spice,0,0.0030693877
test,28f80baf3c53e267c9ce46a2a0fadbb981585132?w=1,php-src,1,0.99723166
test,53488f0275d6c8a121af49f7ac817d09ce68090d,spice,0,0.00206277
test,9a0db453ba017ebcaccbee933ee6511a9ae4d1c8,openssl,0,0.005968731
test,574ce994016107ad8ab0f845a785f28d7eaa5208,pengutronix,0,0.99630713
test,8af619009660b24e0b41ad26b30289eea288fcc2,spice,0,0.0019418168
test,215f894965df5fb0bb45b107d84524e700d2073c,xserver,0,0.063134894
test,c395c6e5d7e8df37a21265ff76e48fe75ceb5ae6?w=1,php-src,1,0.99771273
test,125093b59f3c2a2d33785b5563d929d0472f1721,openssl,1,0.13045149
test,08fa47c4850cea32c3116665975bca219fbf2fe6,postgresql,0,0.004914949
test,d73cc256c8e256c32ed959456101b73ba9842f72,openssl,0,0.013222823
test,76343947ada960b6269090638f5391068daee88d,openssl,0,0.1838133
test,8af619009660b24e0b41ad26b30289eea288fcc2,spice,0,0.009358114
test,d4ec73f866a7c42a2e7f301fcd696e5cb7a7d3ab,ImageMagick,1,0.37476206
test,5ad9d8016fbb60109302d558f7edb2cb2a3bb8e3,libtiff,1,0.8596048
test,992480c30f75943e9cd6245bb2015c7737f9b661,yara,1,0.9549844
test,56fb454d281a023b3f950d969693553d3f3ceea1,openssl,1,0.021307705
test,bdc20b9baf13564d9a061343416395f8f9a92b53,gstreamer,0,0.0023006375
test,53488f0275d6c8a121af49f7ac817d09ce68090d,spice,0,0.0077555366
test,215f894965df5fb0bb45b107d84524e700d2073c,xserver,0,0.002952148
test,6ce9687b5aba5391fc0de50e18779eb676d0e04d,openssl,1,0.9401336
test,31400a673325147e1205326008e32135a78b4d8a,postgres,1,0.9974541
test,103b171d8fc282ef435f8de9afbf7782e312961f,openssl,1,0.6502174
test,08fa47c4850cea32c3116665975bca219fbf2fe6,postgresql,0,0.28826848
test,215f894965df5fb0bb45b107d84524e700d2073c,xserver,0,0.97467697
test,215f894965df5fb0bb45b107d84524e700d2073c,xserver,0,0.49572763
test,574ce994016107ad8ab0f845a785f28d7eaa5208,pengutronix,0,0.0083319
test,86f8fb0e344d62454f8daf3e15236b2b59210756,openssl,0,0.63445836
test,912ce9dd2080c5837285a471d750fa311e09b555,FFmpeg,1,0.010881333
test,bdc20b9baf13564d9a061343416395f8f9a92b53,gstreamer,0,0.052814025
test,f9abd359f71a5bce421b9ae23432f539a067847a,accountsservice,0,0.021532878
test,53488f0275d6c8a121af49f7ac817d09ce68090d,spice,0,0.0029752334
test,215f894965df5fb0bb45b107d84524e700d2073c,xserver,0,0.9092645
test,ca989269a2876bae79393bd54c3e72d49975fc75,openssl,0,0.025226824
test,d088e3c1286b548a58e62afdc70bb40981cdb9e8,xserver,1,0.9971384
test,8c10b9247509c0484b55330458846115131ec2ae,ImageMagick,1,0.99298817
test,53488f0275d6c8a121af49f7ac817d09ce68090d,spice,0,0.0031603528
test,f9abd359f71a5bce421b9ae23432f539a067847a,accountsservice,0,0.63148063
test,8af619009660b24e0b41ad26b30289eea288fcc2,spice,0,0.013795364
test,4318daecc959886d001a6e79c6ea853e8b1dfb4b,postgres,1,0.9982212
test,52b1526443c1f433087928291d1c3d37a5600515,radare2,1,0.9970822
test,948356eec65aea91995d4b7cc487d197d2c5f602,ImageMagick,1,0.9674718
test,f9abd359f71a5bce421b9ae23432f539a067847a,accountsservice,0,0.9732661
test,505b6a61c22d5565e9308045c7b9bf79f7d0517e,systemd,0,0.99826247
test,08fa47c4850cea32c3116665975bca219fbf2fe6,postgresql,1,0.997537
test,53488f0275d6c8a121af49f7ac817d09ce68090d,spice,0,0.0021784666
test,c394a488942387246653833359a5c94b5832674e,openssl,0,0.985129
test,08fa47c4850cea32c3116665975bca219fbf2fe6,postgresql,0,0.5787756
test,3d5ac8c20846871f1eb3068b65f93da7cd33bfd0,ImageMagick,1,0.95253
test,76343947ada960b6269090638f5391068daee88d,openssl,0,0.006917242
test,574ce994016107ad8ab0f845a785f28d7eaa5208,pengutronix,0,0.8842393
test,fb58e69a84f4fde603a630d2c9df2fa3be16d846,php-src,1,0.013376605
test,816ecab6c532ae086ff4186b3eaf4aa7092d536f,ImageMagick,1,0.98846966
test,bdc20b9baf13564d9a061343416395f8f9a92b53,gstreamer,0,0.0023550675
test,76343947ada960b6269090638f5391068daee88d,openssl,0,0.007815889
test,55caa8b08c84af2b50fbc936cf334a5a93dd7db5,xserver,1,0.99773055
test,bdc20b9baf13564d9a061343416395f8f9a92b53,gstreamer,0,0.0037072531
test,08fa47c4850cea32c3116665975bca219fbf2fe6,postgresql,0,0.004150081
test,c94f9e854228e0ea00e1de8769d8d3f7cab84a55,FFmpeg,1,0.9982692
test,08fa47c4850cea32c3116665975bca219fbf2fe6,postgresql,0,0.011642225
test,296debd213bd6dce7647cedd34eb64e5b94cdc92,FFmpeg,1,0.18690996
test,d73cc256c8e256c32ed959456101b73ba9842f72,openssl,0,0.0052710837
test,ca989269a2876bae79393bd54c3e72d49975fc75,openssl,0,0.094176665
test,9a0db453ba017ebcaccbee933ee6511a9ae4d1c8,openssl,0,0.0032350558
test,a7a44ba55cb4f884c6bc9ceac90072dea38e66d0,openssl,1,0.99718815
test,1fb9fdc3027b27d8eb6a1e6a846435b070980770,openssl,1,0.9982827
test,53488f0275d6c8a121af49f7ac817d09ce68090d,spice,0,0.00349701
test,a8f9c2aabed37cd6a728532d1aed13ae0f3dfd78,ImageMagick,1,0.9291196
test,215f894965df5fb0bb45b107d84524e700d2073c,xserver,0,0.024030639
test,08fa47c4850cea32c3116665975bca219fbf2fe6,postgresql,0,0.0051998803
test,08fa47c4850cea32c3116665975bca219fbf2fe6,postgresql,0,0.0030994152
test,53488f0275d6c8a121af49f7ac817d09ce68090d,spice,0,0.0026991665
test,86f8fb0e344d62454f8daf3e15236b2b59210756,openssl,0,0.0715912
test,819418110b6fff4a7b96f01a5d68f71df3e3b736,openssl,0,0.009974921
test,53488f0275d6c8a121af49f7ac817d09ce68090d,spice,0,0.0027202785
test,b82924741b4bd590da890619be671f4635e46c2b,openssl,1,0.9401336
test,fe448cd28d674c3eff3072552eae366d0b659ce9,FFmpeg,1,0.11348131
test,bdc20b9baf13564d9a061343416395f8f9a92b53,gstreamer,0,0.0059340666
test,c6d0076c924891ad9948a62d89d0bcdaf965f0cd,radare2,1,0.9448931
test,c394a488942387246653833359a5c94b5832674e,openssl,0,0.0034564098
test,53488f0275d6c8a121af49f7ac817d09ce68090d,spice,0,0.0021784666
test,215f894965df5fb0bb45b107d84524e700d2073c,xserver,0,0.087174505
test,5c080298d59efa53264d7248bbe3a04660db6ef7,libtiff,1,0.99863833
test,9a0db453ba017ebcaccbee933ee6511a9ae4d1c8,openssl,0,0.0033700461
test,53488f0275d6c8a121af49f7ac817d09ce68090d,spice,0,0.0023734942
test,31400a673325147e1205326008e32135a78b4d8a,postgres,1,0.99492985
test,b34d7849ed90ced9345f8ea1c59bc8d101c18468,php-src,1,0.111627996
test,28a00bcd8e318da18031b2ac8778c64147cd54f9,openssl,0,0.0033179715
test,08fa47c4850cea32c3116665975bca219fbf2fe6,postgresql,0,0.10365786
test,53488f0275d6c8a121af49f7ac817d09ce68090d,spice,0,0.0027791907
test,76343947ada960b6269090638f5391068daee88d,openssl,0,0.018743115
test,8af619009660b24e0b41ad26b30289eea288fcc2,spice,0,0.004645557
test,77c77f0a1b9f15b869ca3342186dfbedd1119d0e,openssl,0,0.9907141
test,215f894965df5fb0bb45b107d84524e700d2073c,xserver,0,0.014295689
test,a7a44ba55cb4f884c6bc9ceac90072dea38e66d0,openssl,1,0.9970073
test,8bb11c3ca77b52e05a9ed1496a65f8a76e6e2d8f,FFmpeg,1,0.73335636
test,53488f0275d6c8a121af49f7ac817d09ce68090d,spice,0,0.018599968
test,53488f0275d6c8a121af49f7ac817d09ce68090d,spice,0,0.0021955152
test,d5fc88e573fa58b93034b04d35a2454f5d28cad9,NetworkManager,0,0.0047552
test,19a9cd607de73947fcfb104682f203ffe4e1f4e5,libXi,1,0.99772614
test,215f894965df5fb0bb45b107d84524e700d2073c,xserver,0,0.004433765
test,b05cd1ea7e45a836f7f6071a716c38bb30326e0f,FFmpeg,1,0.9954791
test,8af619009660b24e0b41ad26b30289eea288fcc2,spice,0,0.002103369
test,cad5a1050b7184d828aef9c1dd151c3ab649d37e,xserver,1,0.9973425
test,2130bf6f89ded32ef0c88a11694f107c52566c53,ImageMagick,1,0.9944126
test,76343947ada960b6269090638f5391068daee88d,openssl,0,0.009936418
test,d73cc256c8e256c32ed959456101b73ba9842f72,openssl,0,0.0047459654
test,55caa8b08c84af2b50fbc936cf334a5a93dd7db5,xserver,1,0.97394365
test,ca989269a2876bae79393bd54c3e72d49975fc75,openssl,0,0.010652511
test,53488f0275d6c8a121af49f7ac817d09ce68090d,spice,0,0.007374366
test,08fa47c4850cea32c3116665975bca219fbf2fe6,postgresql,0,0.0075041577
test,53488f0275d6c8a121af49f7ac817d09ce68090d,spice,0,0.5687789
test,9a0db453ba017ebcaccbee933ee6511a9ae4d1c8,openssl,0,0.0113427
test,d3152655d5319ce883c8e3ac4b99f8de4c59d846,openssl,1,0.9983865
test,bdc20b9baf13564d9a061343416395f8f9a92b53,gstreamer,0,0.0055873864
test,8e75437a7e43d4c55e861691f74892e666e29b0b,profanity,1,0.9859634
test,8af619009660b24e0b41ad26b30289eea288fcc2,spice,0,0.0051596225
test,08fa47c4850cea32c3116665975bca219fbf2fe6,postgresql,0,0.10411242
test,a7a44ba55cb4f884c6bc9ceac90072dea38e66d0,openssl,1,0.99698395
test,d4ec73f866a7c42a2e7f301fcd696e5cb7a7d3ab,ImageMagick,1,0.7491331
test,31400a673325147e1205326008e32135a78b4d8a,postgres,1,0.5725883
test,f9abd359f71a5bce421b9ae23432f539a067847a,accountsservice,0,0.9511422
test,d8541d7e9e63bf5f343af24644046c8d96498c17,openssl,0,0.004289589
test,3c66a669dfc7b3792f7af0758ea26fe8502ce70c,openssl,0,0.061762713
test,e43a0a232dbf6d3c161823c2e07c52e76227a1bc,FFmpeg,1,0.03722176
test,ead645853a63bf83d8386702cad0cf23b31d7eeb,radare2,1,0.9878528
test,48f67f60967f963b698ec8df57ec6912a43d6282,virglrenderer,1,0.008364238
test,76401e172ea3a55182be2b8e2aca4d07270f6da6,ImageMagick,1,0.73573655
test,98dcbbf0bf4854bf987557e55e55fff7abbf3ea9,libarchive,1,0.77325916
test,08fa47c4850cea32c3116665975bca219fbf2fe6,postgresql,0,0.006654009
test,26a59d9b46574e457870197dffa802871b4c8fc7,openssl,1,0.9254997
test,6bd33275368edfa71ae117de895488584678ac79,cyrus-imapd,1,0.91321325
test,31400a673325147e1205326008e32135a78b4d8a,postgres,1,0.9970305
test,c597156adc60a45b5f827793cd420945f47bc03b,atheme,1,0.9979966
test,bdc20b9baf13564d9a061343416395f8f9a92b53,gstreamer,0,0.0072047682
test,01c61f8ab110a77ae64b5ca67c244c728c506f03,libgd,1,0.9986436
test,4ca68b878e851e2136c234f40a25008297d8d831,xserver,1,0.99813974
test,4b390b6c3f8df925dc92a3dd6b022baa9a2f4650,openssl,1,0.0762012
test,0042fb5fd1c9d257d713b15a1f45da05cf5c1c87,openssl,1,0.99832565
test,8af619009660b24e0b41ad26b30289eea288fcc2,spice,0,0.0034564098
test,d0331e8e5b05b475f20b1f3101fe1ad772d7e7e7,libarchive,1,0.9989077
test,215f894965df5fb0bb45b107d84524e700d2073c,xserver,0,0.061143138
test,d2632f6483a3ceb5d8e0a5fb11142c51c43978b4,radare2,1,0.99883276
test,8af619009660b24e0b41ad26b30289eea288fcc2,spice,0,0.0024438866
test,7f9ec5593e04827249e7aeb466da06a98a0d7329,FFmpeg,1,0.99304235
test,a550daeecf6bc689ade371349892ea17b5b97c77,libarchive,1,0.30131063
test,19a9cd607de73947fcfb104682f203ffe4e1f4e5,libXi,1,0.14878775
test,8af619009660b24e0b41ad26b30289eea288fcc2,spice,0,0.112746544
test,1b0fe00e2704b5e20334a16d3c9099d1ba2ef1be,openssl,1,0.99821436
test,86f8fb0e344d62454f8daf3e15236b2b59210756,openssl,0,0.0022213378
test,215f894965df5fb0bb45b107d84524e700d2073c,xserver,0,0.0051596225
test,470990fee0182566d439ef7e82d1abf18b7085d7,openssl,1,0.008061992
test,bdc20b9baf13564d9a061343416395f8f9a92b53,gstreamer,0,0.004848533
test,76343947ada960b6269090638f5391068daee88d,openssl,0,0.012895588
test,53488f0275d6c8a121af49f7ac817d09ce68090d,spice,0,0.0040860027
test,53488f0275d6c8a121af49f7ac817d09ce68090d,spice,0,0.0023051251
test,76343947ada960b6269090638f5391068daee88d,openssl,0,0.021307705
test,86f8fb0e344d62454f8daf3e15236b2b59210756,openssl,0,0.03904829
test,cd30f03ac5bf2962f44bd02ae8d88245dff2f12c,openssl,1,0.99886644
test,8af619009660b24e0b41ad26b30289eea288fcc2,spice,0,0.003510649
test,ca989269a2876bae79393bd54c3e72d49975fc75,openssl,0,0.0030515103
test,28a00bcd8e318da18031b2ac8778c64147cd54f9,openssl,0,0.0051196762
test,e477f09d0b3619f3d29173b2cd593e17e2d1978e,FFmpeg,1,0.603523
test,1b4a8df38fc9ab3c089ca5765075ee53ec5bd66a,openssl,0,0.0047183693
test,5725849a1b427cd4a72b84e57f211edb35838718,xserver,1,0.9859904
test,08fa47c4850cea32c3116665975bca219fbf2fe6,postgresql,0,0.008093291
test,31400a673325147e1205326008e32135a78b4d8a,postgres,1,0.99883276
test,574ce994016107ad8ab0f845a785f28d7eaa5208,pengutronix,0,0.0460339
test,31400a673325147e1205326008e32135a78b4d8a,postgres,1,0.69097626
test,cdd5df8189ff1537f7abe8defe971f80602cc2d2,FFmpeg,1,0.71243227
test,b19d8143212ae5fbc9cebfd51c01f802fabccd33,openssl,0,0.5618234
test,53488f0275d6c8a121af49f7ac817d09ce68090d,spice,0,0.0026112478
test,9113dc6a303604a2d9812ac70c17d076ef11886c,spice,1,0.014643826
test,197e0ea817ad64820789d86711d55ff50d71f631,openssl,1,0.9916358
test,9fd10cf630832b36a588c1545d8736539b2f1fb5,ImageMagick,1,0.9501803
test,15f72c1ee5e0afad20232bdf0fcecab8d62a5d89,monkey,1,0.9951231
test,574ce994016107ad8ab0f845a785f28d7eaa5208,pengutronix,0,0.99302894
test,53488f0275d6c8a121af49f7ac817d09ce68090d,spice,0,0.0024774452
test,f9abd359f71a5bce421b9ae23432f539a067847a,accountsservice,0,0.994089
test,78ce088843d59d4494965bfc40b30a2e63d065f6,NetworkManager,0,0.0111580305
test,94f6955fbaee6fda9385a23e505497efe21f5b4f,libssh,1,0.9967013
test,574ce994016107ad8ab0f845a785f28d7eaa5208,pengutronix,0,0.24567269
test,8af619009660b24e0b41ad26b30289eea288fcc2,spice,0,0.0035518843
test,d0666f289ac013094bbbf547bfbcd616199b7d2d,openssl,0,0.0059919516
test,45aeda5da9eb328689afc221fa3b7dfa5cdea54d,ImageMagick,1,0.8684367
test,76343947ada960b6269090638f5391068daee88d,openssl,0,0.051749546
test,bdc20b9baf13564d9a061343416395f8f9a92b53,gstreamer,0,0.3539863
test,9a0db453ba017ebcaccbee933ee6511a9ae4d1c8,openssl,0,0.0020829707
test,8af619009660b24e0b41ad26b30289eea288fcc2,spice,0,0.0023504829
test,2c0d295e26306e15a92eb23a84a1802005c1c137,openssl,1,0.97550696
test,76343947ada960b6269090638f5391068daee88d,openssl,0,0.022032263
test,8af619009660b24e0b41ad26b30289eea288fcc2,spice,0,0.0042646346
test,5e26325317c72a04c1610ad952974e206384d291,irssi,1,0.996503
test,08fa47c4850cea32c3116665975bca219fbf2fe6,postgresql,0,0.00380963
test,8af619009660b24e0b41ad26b30289eea288fcc2,spice,0,0.0025459477
test,76343947ada960b6269090638f5391068daee88d,openssl,0,0.09611029
test,c394a488942387246653833359a5c94b5832674e,openssl,0,0.62309027
test,78ce088843d59d4494965bfc40b30a2e63d065f6,NetworkManager,0,0.003476651
test,505b6a61c22d5565e9308045c7b9bf79f7d0517e,systemd,1,0.9980354
test,248385c606620b29ecc96ca9d3603463f879652b,openssl,1,0.8000679
test,76343947ada960b6269090638f5391068daee88d,openssl,0,0.6670392
test,8af619009660b24e0b41ad26b30289eea288fcc2,spice,0,0.0025212686
test,08fa47c4850cea32c3116665975bca219fbf2fe6,postgresql,0,0.0043908665
test,f9abd359f71a5bce421b9ae23432f539a067847a,accountsservice,0,0.0036216853
test,a676f235309a59d4aa78eeffd2574ae5d341fcb0,raptor,1,0.0035449788
test,77c77f0a1b9f15b869ca3342186dfbedd1119d0e,openssl,0,0.7927853
test,689e59b7ffed34eba6159dcc78e87133862e3746,FFmpeg,1,0.071916424
test,53488f0275d6c8a121af49f7ac817d09ce68090d,spice,0,0.0028393744
test,ffcc82219cef0928bed2d558b19ef6ea35634130,FFmpeg,1,0.99789256
test,84986ca024462058574432b5483f4bf9136c538d,pengutronix,0,0.32635194
test,53488f0275d6c8a121af49f7ac817d09ce68090d,spice,0,0.002007242
test,53488f0275d6c8a121af49f7ac817d09ce68090d,spice,0,0.0028615799
test,08fa47c4850cea32c3116665975bca219fbf2fe6,postgresql,0,0.025130948
test,8af619009660b24e0b41ad26b30289eea288fcc2,spice,0,0.004451041
test,a5ac49940c40ae415eac0cf912eac7070b4ba95d,virglrenderer,1,0.0073032235
test,635bcfccd439480003b74a665b5aa7c872c1ad6b,libav,1,0.0190509
test,53488f0275d6c8a121af49f7ac817d09ce68090d,spice,0,0.002730897
test,8af619009660b24e0b41ad26b30289eea288fcc2,spice,0,0.006463138
test,4493d9ca1124564da17f9b628ef9d0f1a6be9738,ImageMagick,1,0.9738444
test,9a0db453ba017ebcaccbee933ee6511a9ae4d1c8,openssl,0,0.002070827
test,dbf72805fd9d7b1846fe9a11b46f3994bfc27fea,libx11,1,0.99565166
test,53488f0275d6c8a121af49f7ac817d09ce68090d,spice,0,0.0028338498
test,215f894965df5fb0bb45b107d84524e700d2073c,xserver,0,0.056340095
test,08fa47c4850cea32c3116665975bca219fbf2fe6,postgresql,0,0.29833803
test,215f894965df5fb0bb45b107d84524e700d2073c,xserver,0,0.012649319
test,8af619009660b24e0b41ad26b30289eea288fcc2,spice,0,0.12373573
test,55caa8b08c84af2b50fbc936cf334a5a93dd7db5,xserver,1,0.9955662
test,53488f0275d6c8a121af49f7ac817d09ce68090d,spice,0,0.0022387211
test,e9bbefbf0f24c57645e7ad6a5a71ae649d18ac8e,openssl,1,0.76410043
test,8af619009660b24e0b41ad26b30289eea288fcc2,spice,0,0.0025558867
test,78ce088843d59d4494965bfc40b30a2e63d065f6,NetworkManager,0,0.0061570317
test,747a293ff6055203e529f083896b823e22523fe7,virglrenderer,1,0.47564337
test,574ce994016107ad8ab0f845a785f28d7eaa5208,pengutronix,0,0.0156486
test,fbda667221c51f0aa476a02366e0cf66cb012f88,webserver,1,0.44705665
test,9a0db453ba017ebcaccbee933ee6511a9ae4d1c8,openssl,0,0.0023459075
test,f9abd359f71a5bce421b9ae23432f539a067847a,accountsservice,0,0.5686105
test,8af619009660b24e0b41ad26b30289eea288fcc2,spice,0,0.004485795
test,8af619009660b24e0b41ad26b30289eea288fcc2,spice,0,0.0024154834
test,8af619009660b24e0b41ad26b30289eea288fcc2,spice,0,0.13701203
test,b95f25af141d33a65f6f821ea9c003f66a01e1f1,xserver,0,0.9927812
test,76343947ada960b6269090638f5391068daee88d,openssl,0,0.0059919516
test,78ce088843d59d4494965bfc40b30a2e63d065f6,NetworkManager,0,0.005620036
test,215f894965df5fb0bb45b107d84524e700d2073c,xserver,0,0.014942706
test,53488f0275d6c8a121af49f7ac817d09ce68090d,spice,0,0.0039530895
test,cb62ab4b17818fe66d2fed0a7fe71969131c811b,openssl,1,0.9984238
test,e1b568dd2462f7cacf98f3d117936c34e2849a6b,openssl,0,0.08370295
test,53488f0275d6c8a121af49f7ac817d09ce68090d,spice,0,0.0029752334
test,08fa47c4850cea32c3116665975bca219fbf2fe6,postgresql,0,0.013545191
test,215f894965df5fb0bb45b107d84524e700d2073c,xserver,0,0.906156
test,8af619009660b24e0b41ad26b30289eea288fcc2,spice,0,0.0029579026
test,bdc20b9baf13564d9a061343416395f8f9a92b53,gstreamer,0,0.00783105
test,77c77f0a1b9f15b869ca3342186dfbedd1119d0e,openssl,1,0.77154243
test,05442de962d3dc624f79fc1a00eca3ffc5489ced,xserver,1,0.9985335
test,08fa47c4850cea32c3116665975bca219fbf2fe6,postgresql,0,0.004248079
test,76343947ada960b6269090638f5391068daee88d,openssl,0,0.0031665117
test,a004e72b95835136d3f1ea90517f706c24c03da7,openssl,1,0.9257686
test,9a0db453ba017ebcaccbee933ee6511a9ae4d1c8,openssl,0,0.002784609
test,8af619009660b24e0b41ad26b30289eea288fcc2,spice,0,0.0025859366
test,08fa47c4850cea32c3116665975bca219fbf2fe6,postgresql,0,0.036562506
test,08fa47c4850cea32c3116665975bca219fbf2fe6,postgresql,1,0.9903476
test,d73cc256c8e256c32ed959456101b73ba9842f72,openssl,0,0.0030753699
test,125093b59f3c2a2d33785b5563d929d0472f1721,openssl,1,0.9966299
test,08fa47c4850cea32c3116665975bca219fbf2fe6,postgresql,0,0.06412401
test,8af619009660b24e0b41ad26b30289eea288fcc2,spice,0,0.002923543
test,e96fc4fdd525fa0ede28074a7e2b1caf94b58b0d,jasper,1,0.9982039
test,d8541d7e9e63bf5f343af24644046c8d96498c17,openssl,0,0.0026522598
test,a676f235309a59d4aa78eeffd2574ae5d341fcb0,raptor,1,0.038178276
test,08fa47c4850cea32c3116665975bca219fbf2fe6,postgresql,0,0.02218004
test,215f894965df5fb0bb45b107d84524e700d2073c,xserver,0,0.0074751205
test,9a0db453ba017ebcaccbee933ee6511a9ae4d1c8,openssl,0,0.0025459477
test,8af619009660b24e0b41ad26b30289eea288fcc2,spice,0,0.0029178553
test,215f894965df5fb0bb45b107d84524e700d2073c,xserver,0,0.039121643
test,9f1f1a2dab38d4ce87a13565cf4dc1b73bef3a5f,drm,0,0.0067188703
test,8af619009660b24e0b41ad26b30289eea288fcc2,spice,0,0.0026574312
test,53488f0275d6c8a121af49f7ac817d09ce68090d,spice,0,0.0026574312
test,bdc20b9baf13564d9a061343416395f8f9a92b53,gstreamer,0,0.0043568453
test,8af619009660b24e0b41ad26b30289eea288fcc2,spice,0,0.30321577
test,9a0db453ba017ebcaccbee933ee6511a9ae4d1c8,openssl,0,0.0023231625
test,1b4a8df38fc9ab3c089ca5765075ee53ec5bd66a,openssl,0,0.003642891
test,bdc20b9baf13564d9a061343416395f8f9a92b53,gstreamer,0,0.0021364212
test,d73cc256c8e256c32ed959456101b73ba9842f72,openssl,0,0.0050016725
test,c3c39f7f8a11f612c4ebf7affce25ec6928eb1cb,rufus,1,0.9088609
test,53488f0275d6c8a121af49f7ac817d09ce68090d,spice,0,0.0029349516
test,ca989269a2876bae79393bd54c3e72d49975fc75,openssl,0,0.035611413
test,b6f13a5ef9d6280cf984826a5de012a32c396cd4?w=1,php-src,1,0.99678373
test,08fa47c4850cea32c3116665975bca219fbf2fe6,postgresql,0,0.12581532
test,08fa47c4850cea32c3116665975bca219fbf2fe6,postgresql,0,0.020023441
test,08fa47c4850cea32c3116665975bca219fbf2fe6,postgresql,0,0.010032951
test,215f894965df5fb0bb45b107d84524e700d2073c,xserver,0,0.010693759
test,2899351224fe2940aec37d7656e1e392c0fe07f0,libreswan,1,0.9654138
test,53488f0275d6c8a121af49f7ac817d09ce68090d,spice,0,0.016246216
test,65000a7fd9eea62359e6d6714f17b94a99a82edd,radare2,1,0.9773276
test,b0c5222ce31e8f941fa02ff9c7a040fb2db30dbc,ImageMagick,1,0.97409195
test,53488f0275d6c8a121af49f7ac817d09ce68090d,spice,0,0.29517913
test,f9abd359f71a5bce421b9ae23432f539a067847a,accountsservice,0,0.98093086
test,103b171d8fc282ef435f8de9afbf7782e312961f,openssl,1,0.27815872
test,8af619009660b24e0b41ad26b30289eea288fcc2,spice,0,0.004573864
test,08fa47c4850cea32c3116665975bca219fbf2fe6,postgresql,0,0.022286188
test,65000a7fd9eea62359e6d6714f17b94a99a82edd,radare2,1,0.99837697
test,819418110b6fff4a7b96f01a5d68f71df3e3b736,openssl,0,0.013286685
test,215f894965df5fb0bb45b107d84524e700d2073c,xserver,0,0.01756003
test,76343947ada960b6269090638f5391068daee88d,openssl,0,0.9846051
test,8af619009660b24e0b41ad26b30289eea288fcc2,spice,0,0.01632444
test,b2d0e6f92310bb14a15aa2f8e96e1fb5379776dd,monkey,1,0.41792464
test,796dd28aaa6b9fa76d99c42c4d5ff8b257cc2191,radare2,1,0.7815808
test,bdc20b9baf13564d9a061343416395f8f9a92b53,gstreamer,0,0.04668148
test,53488f0275d6c8a121af49f7ac817d09ce68090d,spice,0,0.00206277
test,cd4663dc80323ba64989d0c103d51ad3ee0e9c2f,libav,1,0.99518895
test,28a00bcd8e318da18031b2ac8778c64147cd54f9,openssl,0,0.033716537
test,252afb1cff9676f3ae1f341a28448bf2c8b6e308,radare2,1,0.9969126
test,83a4b92815ea04969d494416eaae3d4c6b338e4a#diff-c8b4b355f9b5c06d585b23138e1c185f,libtiff,1,0.9966102
test,c395c6e5d7e8df37a21265ff76e48fe75ceb5ae6?w=1,php-src,1,0.9014011
test,bdc20b9baf13564d9a061343416395f8f9a92b53,gstreamer,0,0.21992333
test,8ca35831e91c3db8c6d281d09b605001003bec08,ImageMagick,1,0.9724409
test,28a00bcd8e318da18031b2ac8778c64147cd54f9,openssl,0,0.002382762
test,8af619009660b24e0b41ad26b30289eea288fcc2,spice,0,0.02859836
test,574ce994016107ad8ab0f845a785f28d7eaa5208,pengutronix,0,0.99812514
test,6fe86eef621b9849f51a5e1e5d73258a93440403,capstone,1,0.9979048
test,76343947ada960b6269090638f5391068daee88d,openssl,0,0.5466739
test,7f2dc7a1afc067d0c89f12c82bcdec0445fb1b94,ImageMagick,1,0.9890131
test,1b4a8df38fc9ab3c089ca5765075ee53ec5bd66a,openssl,0,0.012312327
test,1cc6f0ccc92c20c7cab6c4a7335daf29c91f0d8e,ImageMagick,1,0.6852127
test,f9abd359f71a5bce421b9ae23432f539a067847a,accountsservice,0,0.9543506
test,28a00bcd8e318da18031b2ac8778c64147cd54f9,openssl,0,0.0021955152
test,08fa47c4850cea32c3116665975bca219fbf2fe6,postgresql,0,0.048360992
test,65000a7fd9eea62359e6d6714f17b94a99a82edd,radare2,1,0.9987696
test,78ce088843d59d4494965bfc40b30a2e63d065f6,NetworkManager,0,0.004451041
test,84986ca024462058574432b5483f4bf9136c538d,pengutronix,0,0.1494693
test,9a0db453ba017ebcaccbee933ee6511a9ae4d1c8,openssl,0,0.0024391296
test,899a5d9f0ed13b8e32449a08a361e0de127dd961,libxml2,1,0.07910355
test,96f24d1bee7fe7bac08e2b7c74db1a046c9dc0de,FFmpeg,1,0.99428093
test,c394a488942387246653833359a5c94b5832674e,openssl,0,0.0062412596
test,8af619009660b24e0b41ad26b30289eea288fcc2,spice,0,0.035880696
test,e96fc4fdd525fa0ede28074a7e2b1caf94b58b0d,jasper,1,0.9988098
test,08fa47c4850cea32c3116665975bca219fbf2fe6,postgresql,0,0.005384938
test,125093b59f3c2a2d33785b5563d929d0472f1721,openssl,1,0.004895881
test,819418110b6fff4a7b96f01a5d68f71df3e3b736,openssl,0,0.003510649
test,574ce994016107ad8ab0f845a785f28d7eaa5208,pengutronix,0,0.9990619
test,9a0db453ba017ebcaccbee933ee6511a9ae4d1c8,openssl,0,0.0067188703
test,8af619009660b24e0b41ad26b30289eea288fcc2,spice,0,0.002157342
test,43c0b81a818640429317c80fea1e66771e85024b#diff-c8b4b355f9b5c06d585b23138e1c185f,libtiff,1,0.99895763
test,8af619009660b24e0b41ad26b30289eea288fcc2,spice,0,0.0053640567
test,8af619009660b24e0b41ad26b30289eea288fcc2,spice,0,0.0022387211
test,8af619009660b24e0b41ad26b30289eea288fcc2,spice,0,0.0024774452
test,574ce994016107ad8ab0f845a785f28d7eaa5208,pengutronix,0,0.99792516
test,9a0db453ba017ebcaccbee933ee6511a9ae4d1c8,openssl,0,0.006877107
test,215f894965df5fb0bb45b107d84524e700d2073c,xserver,0,0.37364724
test,1b4a8df38fc9ab3c089ca5765075ee53ec5bd66a,openssl,0,0.01042845
test,215f894965df5fb0bb45b107d84524e700d2073c,xserver,0,0.010693759
test,bdc20b9baf13564d9a061343416395f8f9a92b53,gstreamer,0,0.47922948
test,8af619009660b24e0b41ad26b30289eea288fcc2,spice,0,0.0049919616
test,e1b568dd2462f7cacf98f3d117936c34e2849a6b,openssl,0,0.8429925
test,ca989269a2876bae79393bd54c3e72d49975fc75,openssl,0,0.012324207
test,bdc20b9baf13564d9a061343416395f8f9a92b53,gstreamer,0,0.005149607
test,c394a488942387246653833359a5c94b5832674e,openssl,0,0.016121823
test,053e67e3ec81cc9268ce30eaf0d6663d8639ed1e,yara,1,0.99693066
test,215f894965df5fb0bb45b107d84524e700d2073c,xserver,0,0.0033897834
test,e1b568dd2462f7cacf98f3d117936c34e2849a6b,openssl,0,0.011353657
test,0a5dff15912207b83018485f83e067474e818bab,virglrenderer,1,0.8052496
test,53488f0275d6c8a121af49f7ac817d09ce68090d,spice,0,0.0023096218
test,9a0db453ba017ebcaccbee933ee6511a9ae4d1c8,openssl,0,0.0022343625
test,bc8923b1ec9c467755cd86f7848c50ee8812e441,openssl,1,0.7077078
test,9a0db453ba017ebcaccbee933ee6511a9ae4d1c8,openssl,0,0.002872748
test,f9abd359f71a5bce421b9ae23432f539a067847a,accountsservice,0,0.24985884
test,819418110b6fff4a7b96f01a5d68f71df3e3b736,openssl,0,0.0028839593
test,215f894965df5fb0bb45b107d84524e700d2073c,xserver,0,0.027663978
test,8af619009660b24e0b41ad26b30289eea288fcc2,spice,0,0.002741556
test,6e06b1c89dd0d16f74894eac4cfc1327a06ee4a0,libarchive,1,0.99885976
test,8af619009660b24e0b41ad26b30289eea288fcc2,spice,0,0.0019418168
test,8af619009660b24e0b41ad26b30289eea288fcc2,spice,0,0.98951083
test,08fa47c4850cea32c3116665975bca219fbf2fe6,postgresql,0,0.008728267
test,08fa47c4850cea32c3116665975bca219fbf2fe6,postgresql,0,0.12705572
test,8af619009660b24e0b41ad26b30289eea288fcc2,spice,0,0.0037727475
test,b2d0e6f92310bb14a15aa2f8e96e1fb5379776dd,monkey,1,0.15752527
test,b19d8143212ae5fbc9cebfd51c01f802fabccd33,openssl,0,0.9516839
test,9a0db453ba017ebcaccbee933ee6511a9ae4d1c8,openssl,0,0.0026522598
test,bdc20b9baf13564d9a061343416395f8f9a92b53,gstreamer,0,0.9003547
test,53488f0275d6c8a121af49f7ac817d09ce68090d,spice,0,0.002673006
test,9a0db453ba017ebcaccbee933ee6511a9ae4d1c8,openssl,0,0.02763772
test,08fa47c4850cea32c3116665975bca219fbf2fe6,postgresql,0,0.013248331
test,e43a0a232dbf6d3c161823c2e07c52e76227a1bc,FFmpeg,1,0.08528932
test,8af619009660b24e0b41ad26b30289eea288fcc2,spice,0,0.0030753699
test,392fa7a952e97d82eac6958c81ed1e256e6b8ca5,openssl,1,0.9401336
test,d2f813f7db157fc83abc4b3726821c36ee7e40b1,xserver,1,0.99837387
test,3c1b60cfa62d39e5fff5a53a5bc53dae189e740e,abrt,1,0.91367656
test,9a0db453ba017ebcaccbee933ee6511a9ae4d1c8,openssl,0,0.002981033
test,819418110b6fff4a7b96f01a5d68f71df3e3b736,openssl,0,0.004792317
test,880c73cd76109697447fbfbaa8e5ee5683309446,FFmpeg,1,0.4417144
test,83a4b92815ea04969d494416eaae3d4c6b338e4a#diff-c8b4b355f9b5c06d585b23138e1c185f,libtiff,1,0.9957021
test,08fa47c4850cea32c3116665975bca219fbf2fe6,postgresql,0,0.009859855
test,72f5c8632bff2daf3c95005f9b4cf2982786b52a,ImageMagick,1,0.95275027
test,215f894965df5fb0bb45b107d84524e700d2073c,xserver,0,0.01812472
test,53488f0275d6c8a121af49f7ac817d09ce68090d,spice,0,0.0045384313
test,cb243972b121b1ae6b60a78ff55a0506c69f3879,FFmpeg,1,0.9948102
test,86f8fb0e344d62454f8daf3e15236b2b59210756,openssl,0,0.013597485
test,8af619009660b24e0b41ad26b30289eea288fcc2,spice,0,0.007815889
test,08fa47c4850cea32c3116665975bca219fbf2fe6,postgresql,0,0.00415816
test,2bb97f407c1145c850416a3bfbcc8cf124e68a19,libgd,1,0.10356716
test,b469da1430cdcee06e31c6251b83aede072a1ff0,libx11,1,0.99565166
test,c5b831f21d0d29d1e517d139d9d101763f60c9a2,openssl,1,0.9905509
test,08fa47c4850cea32c3116665975bca219fbf2fe6,postgresql,0,0.00569696
test,8af619009660b24e0b41ad26b30289eea288fcc2,spice,0,0.0035174885
test,8af619009660b24e0b41ad26b30289eea288fcc2,spice,0,0.0021198308
test,8af619009660b24e0b41ad26b30289eea288fcc2,spice,0,0.002575881
test,0f8cf3b8497dc45c010c44ed9e96518e11e19fc3,php-src,1,0.9942363
test,05442de962d3dc624f79fc1a00eca3ffc5489ced,xserver,0,0.3942447
test,08fa47c4850cea32c3116665975bca219fbf2fe6,postgresql,0,0.0038844766
test,215f894965df5fb0bb45b107d84524e700d2073c,xserver,0,0.0072047682
test,8af619009660b24e0b41ad26b30289eea288fcc2,spice,0,0.0022694685
test,b95f25af141d33a65f6f821ea9c003f66a01e1f1,xserver,0,0.024122424
test,53488f0275d6c8a121af49f7ac817d09ce68090d,spice,0,0.004109916
test,08fa47c4850cea32c3116665975bca219fbf2fe6,postgresql,0,0.03336831
test,8af619009660b24e0b41ad26b30289eea288fcc2,spice,0,0.0026214411
test,76343947ada960b6269090638f5391068daee88d,openssl,0,0.014728613
test,1b0fe00e2704b5e20334a16d3c9099d1ba2ef1be,openssl,1,0.017342348
test,53488f0275d6c8a121af49f7ac817d09ce68090d,spice,0,0.8730526
test,fbd8494d5e4e46bf2e90cb6116903e404374fb56,libplist,1,0.9694979
test,84986ca024462058574432b5483f4bf9136c538d,pengutronix,0,0.033939965
test,215f894965df5fb0bb45b107d84524e700d2073c,xserver,0,0.09069522
test,215f894965df5fb0bb45b107d84524e700d2073c,xserver,0,0.013033045
test,5562545b5562f6d12a4ef991fae158bf4ccf92b6,libarchive,1,0.99619776
test,215f894965df5fb0bb45b107d84524e700d2073c,xserver,0,0.5058286
test,f48b83b4fb7d6689584cf25f61ca63a4891f5b11,openssl,1,0.9952448
test,d73cc256c8e256c32ed959456101b73ba9842f72,openssl,0,0.009898064
test,c3c39f7f8a11f612c4ebf7affce25ec6928eb1cb,rufus,1,0.9980354
test,bdc20b9baf13564d9a061343416395f8f9a92b53,gstreamer,0,0.036562506
test,d2632f6483a3ceb5d8e0a5fb11142c51c43978b4,radare2,1,0.9988004
test,f9abd359f71a5bce421b9ae23432f539a067847a,accountsservice,0,0.8113773
test,d73cc256c8e256c32ed959456101b73ba9842f72,openssl,0,0.0059340666
test,53488f0275d6c8a121af49f7ac817d09ce68090d,spice,0,0.0022606407
test,7b8c1df65b25d6671f113e2306982eded44ce3b4,ImageMagick,1,0.8967045
test,8af619009660b24e0b41ad26b30289eea288fcc2,spice,0,0.002560871
test,28a00bcd8e318da18031b2ac8778c64147cd54f9,openssl,0,0.0020829707
test,349a41da1ad88ad87825414752a8ff5fdd6a6c3f,openssl,1,0.8778961
test,e43a0a232dbf6d3c161823c2e07c52e76227a1bc,FFmpeg,1,0.23620778
test,b747da5e25be944337a9cd1415506fc06b70aa81,xserver,1,0.061932698
test,53488f0275d6c8a121af49f7ac817d09ce68090d,spice,0,0.0040385914
test,215f894965df5fb0bb45b107d84524e700d2073c,xserver,0,0.0045032725
test,9a0db453ba017ebcaccbee933ee6511a9ae4d1c8,openssl,0,0.002560871
test,08fa47c4850cea32c3116665975bca219fbf2fe6,postgresql,0,0.0034564098
test,84986ca024462058574432b5483f4bf9136c538d,pengutronix,0,0.6847386
test,53488f0275d6c8a121af49f7ac817d09ce68090d,spice,0,0.005911069
test,0b973e28166636e0ff1fad80baa0385c9c09c53a,radare2,1,0.99879104
test,9a0db453ba017ebcaccbee933ee6511a9ae4d1c8,openssl,0,0.009708477
test,76343947ada960b6269090638f5391068daee88d,openssl,0,0.005576545
test,59302b600e8d5b77ef144e447bb046fd7ab72686,openssl,1,0.99140584
test,a924f43f30f9c4acaf70618dd2a055f8b0f166be,systemd,1,0.9957767
test,698a691724c0a949295991e5df091ce16f899e02?w=1,php-src,1,0.71318203
test,d8541d7e9e63bf5f343af24644046c8d96498c17,openssl,0,0.013007946
test,b717b083073b6cacc0a5e2397b661678aff7ae7f,openssl,1,0.47807193
test,08fa47c4850cea32c3116665975bca219fbf2fe6,postgresql,0,0.057229254
test,d73cc256c8e256c32ed959456101b73ba9842f72,openssl,0,0.006180981
test,bdc20b9baf13564d9a061343416395f8f9a92b53,gstreamer,0,0.003750789
test,86f8fb0e344d62454f8daf3e15236b2b59210756,openssl,0,0.16783154
test,53488f0275d6c8a121af49f7ac817d09ce68090d,spice,0,0.0022474632
test,08fa47c4850cea32c3116665975bca219fbf2fe6,postgresql,0,0.0045384313
test,53488f0275d6c8a121af49f7ac817d09ce68090d,spice,0,0.0033309145
test,9a0db453ba017ebcaccbee933ee6511a9ae4d1c8,openssl,0,0.002828336
test,53488f0275d6c8a121af49f7ac817d09ce68090d,spice,0,0.0027900378
test,8af619009660b24e0b41ad26b30289eea288fcc2,spice,0,0.091301054
test,53488f0275d6c8a121af49f7ac817d09ce68090d,spice,0,0.0031115084
test,c0334c2c92dd1bc3ad8138ba6e74006c3631b0f9,openssl,0,0.0067188703
test,f9abd359f71a5bce421b9ae23432f539a067847a,accountsservice,0,0.00569696
test,c395c6e5d7e8df37a21265ff76e48fe75ceb5ae6?w=1,php-src,1,0.9980696
test,c8c6a0f123d5e35c173125365c97e2c0fc7eca42,ImageMagick,1,0.9609883
test,65f75a32a93ae4044c528a987a68366ecd4b46b9,ImageMagick,1,0.9951137
test,8af619009660b24e0b41ad26b30289eea288fcc2,spice,0,0.002822833
test,dd84447b63a71fa8c3f47071b09454efc667767b,ImageMagick,1,0.9722571
test,8af619009660b24e0b41ad26b30289eea288fcc2,spice,0,0.0025859366
test,08fa47c4850cea32c3116665975bca219fbf2fe6,postgresql,0,0.004256349
test,d8541d7e9e63bf5f343af24644046c8d96498c17,openssl,0,0.005332886
test,84986ca024462058574432b5483f4bf9136c538d,pengutronix,0,0.22785568
test,4318daecc959886d001a6e79c6ea853e8b1dfb4b,postgres,1,0.99477994
test,574ce994016107ad8ab0f845a785f28d7eaa5208,pengutronix,0,0.12336561
test,53488f0275d6c8a121af49f7ac817d09ce68090d,spice,0,0.002784609
test,c394a488942387246653833359a5c94b5832674e,openssl,0,0.030473188
test,215f894965df5fb0bb45b107d84524e700d2073c,xserver,0,0.011755132
test,f9abd359f71a5bce421b9ae23432f539a067847a,accountsservice,0,0.15482274
test,bdc20b9baf13564d9a061343416395f8f9a92b53,gstreamer,0,0.009689717
test,78ce088843d59d4494965bfc40b30a2e63d065f6,NetworkManager,0,0.0075187185
test,53488f0275d6c8a121af49f7ac817d09ce68090d,spice,0,0.0021955152
test,9a0db453ba017ebcaccbee933ee6511a9ae4d1c8,openssl,0,0.0028118587
test,bdc20b9baf13564d9a061343416395f8f9a92b53,gstreamer,0,0.0072468016
test,c5b831f21d0d29d1e517d139d9d101763f60c9a2,openssl,1,0.9627783
test,77c77f0a1b9f15b869ca3342186dfbedd1119d0e,openssl,0,0.98588216
test,e1b568dd2462f7cacf98f3d117936c34e2849a6b,openssl,0,0.00380963
test,d73cc256c8e256c32ed959456101b73ba9842f72,openssl,0,0.016059982
test,e9bbefbf0f24c57645e7ad6a5a71ae649d18ac8e,openssl,1,0.7927853
test,215f894965df5fb0bb45b107d84524e700d2073c,xserver,0,0.18624303
test,1e42736b95065c69a7481d0cf55247024f54b660,FFmpeg,1,0.66437703
test,08fa47c4850cea32c3116665975bca219fbf2fe6,postgresql,0,0.006026952
test,08fa47c4850cea32c3116665975bca219fbf2fe6,postgresql,0,0.003209961
test,215f894965df5fb0bb45b107d84524e700d2073c,xserver,0,0.0054692747
test,86736f59d6a527d8bc807d09b93f971c0fe0bb07,FFmpeg,1,0.06530615
test,8af619009660b24e0b41ad26b30289eea288fcc2,spice,0,0.0026782178
test,bdc20b9baf13564d9a061343416395f8f9a92b53,gstreamer,0,0.003105456
test,454a11a1c9c686c78aa97954306fb63453299760,FFmpeg,1,0.320077
test,3320955045e5a2a22c13a04fa9422bb809e75eda,ImageMagick,1,0.95275027
test,b6f13a5ef9d6280cf984826a5de012a32c396cd4?w=1,php-src,1,0.009214366
test,28a00bcd8e318da18031b2ac8778c64147cd54f9,openssl,1,0.031768616
test,1c358ffe0049f768dd49a8a889c1cbf99ac9849b,ImageMagick,1,0.9889064
test,f68a98a9d385838a1c73ec960a14102949940a64,ImageMagick,1,0.95013416
test,9a0db453ba017ebcaccbee933ee6511a9ae4d1c8,openssl,0,0.009485714
test,98ece4eebfb6cd45cc8d550c6ac0022965071afc,openssl,1,0.4367853
test,53488f0275d6c8a121af49f7ac817d09ce68090d,spice,0,0.0023459075
test,3f3582139fbb259a1c3cbb0a25236500a409bf26,openssl,1,0.005220126
